rank,subject,subject_label,object,object_label,resnik,cosine
1,HP:0410311,Hyposegmentation of neutrophil nuclei in CSF,HP:0011447,Hyposegmentation of neutrophil nuclei,0.7802336900383903,0.9107068792059595
2,HP:0011447,Hyposegmentation of neutrophil nuclei,HP:0410311,Hyposegmentation of neutrophil nuclei in CSF,0.7802336900383903,0.9107068792059595
3,HP:0031785,Abnormal eyelid movement,HP:0000496,Abnormality of eye movement,0.7802336900383903,0.8993978627548955
4,HP:0000496,Abnormality of eye movement,HP:0031785,Abnormal eyelid movement,0.7802336900383903,0.8993978627548955
5,HP:0410312,Hypersegmentation of neutrophil nuclei in CSF,HP:0004821,Hypersegmentation of neutrophil nuclei,0.7802336900383903,0.8988483373747664
6,HP:0004821,Hypersegmentation of neutrophil nuclei,HP:0410312,Hypersegmentation of neutrophil nuclei in CSF,0.7802336900383903,0.8988483373747664
7,HP:0410212,Hyperoxemia in cord blood,HP:0012419,Hyperoxemia,0.7802336900383903,0.8937368144735568
8,HP:0012419,Hyperoxemia,HP:0410212,Hyperoxemia in cord blood,0.7802336900383903,0.8937368144735568
9,HP:0002395,Lower limb hyperreflexia,HP:0006895,Lower limb hypertonia,0.7802336900383903,0.8898712861111168
10,HP:0006895,Lower limb hypertonia,HP:0002395,Lower limb hyperreflexia,0.7802336900383903,0.8898712861111168
11,HP:0410214,Hypercapnia in cord blood,HP:0012416,Hypercapnia,0.7802336900383903,0.8824979437942733
12,HP:0012416,Hypercapnia,HP:0410214,Hypercapnia in cord blood,0.7802336900383903,0.8824979437942733
13,HP:0410215,Hypocapnia in cord blood,HP:0012417,Hypocapnia,0.7802336900383903,0.8820342276831504
14,HP:0012417,Hypocapnia,HP:0410215,Hypocapnia in cord blood,0.7802336900383903,0.8820342276831504
15,HP:0005369,Decreased circulating complement factor H concentration,HP:0033299,Reduced circulating complement factor H related protein 1 concentration,0.7802336900383903,0.8786743915316243
16,HP:0033299,Reduced circulating complement factor H related protein 1 concentration,HP:0005369,Decreased circulating complement factor H concentration,0.7802336900383903,0.8786743915316243
17,HP:0031476,Abnormal buccal mucosa cell morphology,HP:3000019,Abnormal buccal mucosa morphology,0.7802336900383903,0.8783417963133748
18,HP:3000019,Abnormal buccal mucosa morphology,HP:0031476,Abnormal buccal mucosa cell morphology,0.7802336900383903,0.8783417963133748
19,HP:0040255,Aplasia/Hypoplasia of the clitoris,HP:0006709,Aplasia/Hypoplasia of the nipples,0.7802336900383903,0.878020928905338
20,HP:0006709,Aplasia/Hypoplasia of the nipples,HP:0040255,Aplasia/Hypoplasia of the clitoris,0.7802336900383903,0.878020928905338
21,HP:0033014,Decreased salivary cortisol level,HP:0008163,Decreased circulating cortisol level,0.7802336900383903,0.8776024198520753
22,HP:0008163,Decreased circulating cortisol level,HP:0033014,Decreased salivary cortisol level,0.7802336900383903,0.8776024198520753
23,HP:0008058,Aplasia/Hypoplasia of the optic nerve,HP:0011000,Aplasia/Hypoplasia of the optic tract,0.7802336900383903,0.8761158734099638
24,HP:0011000,Aplasia/Hypoplasia of the optic tract,HP:0008058,Aplasia/Hypoplasia of the optic nerve,0.7802336900383903,0.8761158734099638
25,HP:0034621,Hepatic xanthomatosis,HP:0034622,Adrenal xanthomatosis,0.7802336900383903,0.8752863302748156
26,HP:0034622,Adrenal xanthomatosis,HP:0034621,Hepatic xanthomatosis,0.7802336900383903,0.8752863302748156
27,HP:0025568,Abnormal morphology of the choroidal vasculature,HP:0025015,Abnormal vascular morphology,0.7802336900383903,0.8744554137789567
28,HP:0025015,Abnormal vascular morphology,HP:0025568,Abnormal morphology of the choroidal vasculature,0.7802336900383903,0.8744554137789567
29,HP:0008388,Abnormal toenail morphology,HP:0001780,Abnormal toe morphology,0.7802336900383903,0.8731361749190861
30,HP:0001780,Abnormal toe morphology,HP:0008388,Abnormal toenail morphology,0.7802336900383903,0.8731361749190861
31,HP:0011917,Short 5th toe,HP:0011937,Hypoplastic fifth toenail,0.7802336900383903,0.8710299471838325
32,HP:0011937,Hypoplastic fifth toenail,HP:0011917,Short 5th toe,0.7802336900383903,0.8710299471838325
33,HP:0500259,Abnormal oxygen level in cord blood,HP:0500165,Abnormal blood oxygen level,0.7802336900383903,0.8704189608568369
34,HP:0500165,Abnormal blood oxygen level,HP:0500259,Abnormal oxygen level in cord blood,0.7802336900383903,0.8704189608568369
35,HP:0012418,Hypoxemia,HP:0410213,Hypoxemia in cord blood,0.7802336900383903,0.8701170394301949
36,HP:0410213,Hypoxemia in cord blood,HP:0012418,Hypoxemia,0.7802336900383903,0.8701170394301949
37,HP:0025426,Abnormal bronchus morphology,HP:0033388,Abnormal bronchial artery morphology,0.7802336900383903,0.8700953082029639
38,HP:0033388,Abnormal bronchial artery morphology,HP:0025426,Abnormal bronchus morphology,0.7802336900383903,0.8700953082029639
39,HP:0033353,Abnormal blood vessel morphology,HP:0030495,Abnormality morphology of the macular vasculature,0.7802336900383903,0.869830571153021
40,HP:0030495,Abnormality morphology of the macular vasculature,HP:0033353,Abnormal blood vessel morphology,0.7802336900383903,0.869830571153021
41,HP:0100626,Chronic hepatic failure,HP:0007111,Chronic hepatic encephalopathy,0.7802336900383903,0.8695251796572103
42,HP:0007111,Chronic hepatic encephalopathy,HP:0100626,Chronic hepatic failure,0.7802336900383903,0.8695251796572103
43,HP:0008058,Aplasia/Hypoplasia of the optic nerve,HP:0007096,Hypoplasia of the optic tract,0.7802336900383903,0.8695139092361175
44,HP:0007096,Hypoplasia of the optic tract,HP:0008058,Aplasia/Hypoplasia of the optic nerve,0.7802336900383903,0.8695139092361175
45,HP:0033551,Non-necrotizing pulmonary granulomatosis,HP:0033805,Non-necrotizing granuloma,0.7802336900383903,0.8692482344375048
46,HP:0033805,Non-necrotizing granuloma,HP:0033551,Non-necrotizing pulmonary granulomatosis,0.7802336900383903,0.8692482344375048
47,HP:0034621,Hepatic xanthomatosis,HP:0034628,Lymph node xanthomatosis,0.7802336900383903,0.8685256606639142
48,HP:0034628,Lymph node xanthomatosis,HP:0034621,Hepatic xanthomatosis,0.7802336900383903,0.8685256606639142
49,HP:0034625,Brain xanthomatosis,HP:0034621,Hepatic xanthomatosis,0.7802336900383903,0.8644561187236877
50,HP:0034621,Hepatic xanthomatosis,HP:0034625,Brain xanthomatosis,0.7802336900383903,0.8644561187236877
51,HP:0033835,Abnormal renal vascular morphology,HP:0033353,Abnormal blood vessel morphology,0.7802336900383903,0.8632085940164493
52,HP:0033353,Abnormal blood vessel morphology,HP:0033835,Abnormal renal vascular morphology,0.7802336900383903,0.8632085940164493
53,HP:0007096,Hypoplasia of the optic tract,HP:0007770,Hypoplasia of the retina,0.7802336900383903,0.8599849503999871
54,HP:0007770,Hypoplasia of the retina,HP:0007096,Hypoplasia of the optic tract,0.7802336900383903,0.8599849503999871
55,HP:0034621,Hepatic xanthomatosis,HP:0034627,Bone marrow xanthomatosis,0.7802336900383903,0.8598158475545246
56,HP:0034627,Bone marrow xanthomatosis,HP:0034621,Hepatic xanthomatosis,0.7802336900383903,0.8598158475545246
57,HP:0001107,Ocular albinism,HP:0001022,Albinism,0.7802336900383903,0.8583627192286272
58,HP:0001022,Albinism,HP:0001107,Ocular albinism,0.7802336900383903,0.8583627192286272
59,HP:0010336,Abnormality of the phalanges of the 4th toe,HP:0008393,Congenital curved nail of fourth toe,0.7802336900383903,0.8582681711430946
60,HP:0008393,Congenital curved nail of fourth toe,HP:0010336,Abnormality of the phalanges of the 4th toe,0.7802336900383903,0.8582681711430946
61,HP:0034626,Pulmonary xanthomatosis,HP:0034621,Hepatic xanthomatosis,0.7802336900383903,0.8576970931715929
62,HP:0034621,Hepatic xanthomatosis,HP:0034626,Pulmonary xanthomatosis,0.7802336900383903,0.8576970931715929
63,HP:0010999,Aplasia of the optic tract,HP:0008058,Aplasia/Hypoplasia of the optic nerve,0.7802336900383903,0.856042901597056
64,HP:0008058,Aplasia/Hypoplasia of the optic nerve,HP:0010999,Aplasia of the optic tract,0.7802336900383903,0.856042901597056
65,HP:0031065,Abnormal ovarian morphology,HP:0012090,Abnormal pancreas morphology,0.7802336900383903,0.854985484761334
66,HP:0012090,Abnormal pancreas morphology,HP:0031065,Abnormal ovarian morphology,0.7802336900383903,0.854985484761334
67,HP:0031065,Abnormal ovarian morphology,HP:0000849,Adrenocortical abnormality,0.7802336900383903,0.8549521585392168
68,HP:0000849,Adrenocortical abnormality,HP:0031065,Abnormal ovarian morphology,0.7802336900383903,0.8549521585392168
69,HP:0001686,Loss of voice,HP:0002371,Loss of speech,0.7802336900383903,0.8543906221570455
70,HP:0002371,Loss of speech,HP:0001686,Loss of voice,0.7802336900383903,0.8543906221570455
71,HP:0001991,Aplasia/Hypoplasia of toe,HP:0010624,Aplastic/hypoplastic toenail,0.7802336900383903,0.8542389806733862
72,HP:0010624,Aplastic/hypoplastic toenail,HP:0001991,Aplasia/Hypoplasia of toe,0.7802336900383903,0.8542389806733862
73,HP:0010320,Abnormal third toe morphology,HP:0008388,Abnormal toenail morphology,0.7802336900383903,0.8537341633375107
74,HP:0008388,Abnormal toenail morphology,HP:0010320,Abnormal third toe morphology,0.7802336900383903,0.8537341633375107
75,HP:3000056,Abnormality of artery of lower lip,HP:0000178,Abnormal lower lip morphology,0.7802336900383903,0.8531883760056488
76,HP:0000178,Abnormal lower lip morphology,HP:3000056,Abnormality of artery of lower lip,0.7802336900383903,0.8531883760056488
77,HP:0008393,Congenital curved nail of fourth toe,HP:0010382,Abnormal morphology of the proximal phalanx of the 4th toe,0.7802336900383903,0.851684951667193
78,HP:0010382,Abnormal morphology of the proximal phalanx of the 4th toe,HP:0008393,Congenital curved nail of fourth toe,0.7802336900383903,0.851684951667193
79,HP:0011992,Abnormal neutrophil morphology,HP:0410310,Abnormality of neutrophil morphology in CSF,0.7802336900383903,0.8511306253726844
80,HP:0410310,Abnormality of neutrophil morphology in CSF,HP:0011992,Abnormal neutrophil morphology,0.7802336900383903,0.8511306253726844
81,HP:0010624,Aplastic/hypoplastic toenail,HP:0010185,Aplasia/Hypoplasia of the distal phalanges of the toes,0.7802336900383903,0.8506682772494869
82,HP:0010185,Aplasia/Hypoplasia of the distal phalanges of the toes,HP:0010624,Aplastic/hypoplastic toenail,0.7802336900383903,0.8506682772494869
83,HP:0034627,Bone marrow xanthomatosis,HP:0034623,Splenic xanthomatosis,0.7802336900383903,0.850474414138419
84,HP:0034623,Splenic xanthomatosis,HP:0034627,Bone marrow xanthomatosis,0.7802336900383903,0.850474414138419
85,HP:0008715,Testicular dysgenesis,HP:0008188,Thyroid dysgenesis,0.7802336900383903,0.8500808869864408
86,HP:0008188,Thyroid dysgenesis,HP:0008715,Testicular dysgenesis,0.7802336900383903,0.8500808869864408
87,HP:3000057,Abnormality of inferior oblique extraocular muscle,HP:0031739,Abnormal oblique muscle physiology,0.7802336900383903,0.847829973474959
88,HP:0031739,Abnormal oblique muscle physiology,HP:3000057,Abnormality of inferior oblique extraocular muscle,0.7802336900383903,0.847829973474959
89,HP:0200083,Severe limb shortening,HP:0008890,Severe short-limb dwarfism,0.7802336900383903,0.8477685470287111
90,HP:0008890,Severe short-limb dwarfism,HP:0200083,Severe limb shortening,0.7802336900383903,0.8477685470287111
91,HP:0034510,Abnormal muscle tissue enzyme activity or level,HP:0034526,Abnormal enzyme activity in muscle tissue,0.7802336900383903,0.8473867827714878
92,HP:0034526,Abnormal enzyme activity in muscle tissue,HP:0034510,Abnormal muscle tissue enzyme activity or level,0.7802336900383903,0.8473867827714878
93,HP:0040057,Abnormal nasal hair morphology,HP:0040170,Abnormality of hair growth,0.7802336900383903,0.8470327314345268
94,HP:0040170,Abnormality of hair growth,HP:0040057,Abnormal nasal hair morphology,0.7802336900383903,0.8470327314345268
95,HP:0040044,Hypoplasia of the diaphragm,HP:0002089,Pulmonary hypoplasia,0.7802336900383903,0.8469824718403822
96,HP:0002089,Pulmonary hypoplasia,HP:0040044,Hypoplasia of the diaphragm,0.7802336900383903,0.8469824718403822
97,HP:0008388,Abnormal toenail morphology,HP:0010319,Abnormal second toe morphology,0.7802336900383903,0.8468733779640399
98,HP:0010319,Abnormal second toe morphology,HP:0008388,Abnormal toenail morphology,0.7802336900383903,0.8468733779640399
99,HP:0030206,EMG: incremental response of compound muscle action potential to repetitive nerve stimulation,HP:0033580,Compound motor action potential abnormality,0.7802336900383903,0.846231277277775
100,HP:0033580,Compound motor action potential abnormality,HP:0030206,EMG: incremental response of compound muscle action potential to repetitive nerve stimulation,0.7802336900383903,0.846231277277775
101,HP:0500164,Abnormal blood carbon dioxide level,HP:0500258,Abnormal carbon dioxide level in cord blood,0.7802336900383903,0.8461442151627111
102,HP:0500258,Abnormal carbon dioxide level in cord blood,HP:0500164,Abnormal blood carbon dioxide level,0.7802336900383903,0.8461442151627111
103,HP:0034625,Brain xanthomatosis,HP:0034622,Adrenal xanthomatosis,0.7802336900383903,0.8457835734135872
104,HP:0034622,Adrenal xanthomatosis,HP:0034625,Brain xanthomatosis,0.7802336900383903,0.8457835734135872
105,HP:3000069,Abnormality of lateral rectus extra-ocular muscle,HP:0031749,Abnormal lateral rectus muscle physiology,0.7802336900383903,0.845180066629402
106,HP:0031749,Abnormal lateral rectus muscle physiology,HP:3000069,Abnormality of lateral rectus extra-ocular muscle,0.7802336900383903,0.845180066629402
107,HP:0005716,Lethal skeletal dysplasia,HP:0008909,Lethal short-limbed short stature,0.7802336900383903,0.8450833731266119
108,HP:0008909,Lethal short-limbed short stature,HP:0005716,Lethal skeletal dysplasia,0.7802336900383903,0.8450833731266119
109,HP:0001167,Abnormal finger morphology,HP:0001231,Abnormal fingernail morphology,0.7802336900383903,0.844743828540281
110,HP:0001231,Abnormal fingernail morphology,HP:0001167,Abnormal finger morphology,0.7802336900383903,0.844743828540281
111,HP:0033580,Compound motor action potential abnormality,HP:0003403,EMG: decremental response of compound muscle action potential to repetitive nerve stimulation,0.7802336900383903,0.844639741158764
112,HP:0003403,EMG: decremental response of compound muscle action potential to repetitive nerve stimulation,HP:0033580,Compound motor action potential abnormality,0.7802336900383903,0.844639741158764
113,HP:0009535,Aplasia of the 2nd finger,HP:0033975,Absent second fingernail,0.7802336900383903,0.8445464113231194
114,HP:0033975,Absent second fingernail,HP:0009535,Aplasia of the 2nd finger,0.7802336900383903,0.8445464113231194
115,HP:0034623,Splenic xanthomatosis,HP:0034622,Adrenal xanthomatosis,0.7802336900383903,0.8444300222359998
116,HP:0034622,Adrenal xanthomatosis,HP:0034623,Splenic xanthomatosis,0.7802336900383903,0.8444300222359998
117,HP:0009116,Aplasia/Hypoplasia involving bones of the skull,HP:0007364,Aplasia/Hypoplasia of the cerebrum,0.7802336900383903,0.843847103920975
118,HP:0007364,Aplasia/Hypoplasia of the cerebrum,HP:0009116,Aplasia/Hypoplasia involving bones of the skull,0.7802336900383903,0.843847103920975
119,HP:0001507,Growth abnormality,HP:0040064,Abnormality of limbs,0.7802336900383903,0.8436009319537907
120,HP:0040064,Abnormality of limbs,HP:0001507,Growth abnormality,0.7802336900383903,0.8436009319537907
121,HP:0034622,Adrenal xanthomatosis,HP:0034628,Lymph node xanthomatosis,0.7802336900383903,0.8427841033035982
122,HP:0034628,Lymph node xanthomatosis,HP:0034622,Adrenal xanthomatosis,0.7802336900383903,0.8427841033035982
123,HP:0008393,Congenital curved nail of fourth toe,HP:0010381,Abnormality of the middle phalanx of the 4th toe,0.7802336900383903,0.8425699611122045
124,HP:0010381,Abnormality of the middle phalanx of the 4th toe,HP:0008393,Congenital curved nail of fourth toe,0.7802336900383903,0.8425699611122045
125,HP:0007738,Uncontrolled eye movements,HP:0002457,Abnormal head movements,0.7802336900383903,0.8424316280363022
126,HP:0002457,Abnormal head movements,HP:0007738,Uncontrolled eye movements,0.7802336900383903,0.8424316280363022
127,HP:0010380,Abnormality of the distal phalanx of the 4th toe,HP:0008393,Congenital curved nail of fourth toe,0.7802336900383903,0.8419179375377291
128,HP:0008393,Congenital curved nail of fourth toe,HP:0010380,Abnormality of the distal phalanx of the 4th toe,0.7802336900383903,0.8419179375377291
129,HP:0010624,Aplastic/hypoplastic toenail,HP:0008362,Aplasia/Hypoplasia of the hallux,0.7802336900383903,0.8417793698932343
130,HP:0008362,Aplasia/Hypoplasia of the hallux,HP:0010624,Aplastic/hypoplastic toenail,0.7802336900383903,0.8417793698932343
131,HP:0034430,Abnormal joint physiology,HP:0030964,Abnormal aortic physiology,0.7802336900383903,0.8415468407494558
132,HP:0030964,Abnormal aortic physiology,HP:0034430,Abnormal joint physiology,0.7802336900383903,0.8415468407494558
133,HP:0008388,Abnormal toenail morphology,HP:0010322,Abnormal fifth toe morphology,0.7802336900383903,0.8409877658346179
134,HP:0010322,Abnormal fifth toe morphology,HP:0008388,Abnormal toenail morphology,0.7802336900383903,0.8409877658346179
135,HP:0034628,Lymph node xanthomatosis,HP:0034627,Bone marrow xanthomatosis,0.7802336900383903,0.8403735320959986
136,HP:0034627,Bone marrow xanthomatosis,HP:0034628,Lymph node xanthomatosis,0.7802336900383903,0.8403735320959986
137,HP:0005853,Congenital foot contraction deformities,HP:0008110,Equinovarus deformity,0.7802336900383903,0.8400826119001982
138,HP:0008110,Equinovarus deformity,HP:0005853,Congenital foot contraction deformities,0.7802336900383903,0.8400826119001982
139,HP:0031256,Optic nerve arteriovenous malformation,HP:0031254,Thalamic arteriovenous malformation,0.7802336900383903,0.8400750231084495
140,HP:0031254,Thalamic arteriovenous malformation,HP:0031256,Optic nerve arteriovenous malformation,0.7802336900383903,0.8400750231084495
141,HP:0020155,Abnormal oocyte morphology,HP:0012862,Abnormal germ cell morphology,0.7802336900383903,0.8397846012519096
142,HP:0012862,Abnormal germ cell morphology,HP:0020155,Abnormal oocyte morphology,0.7802336900383903,0.8397846012519096
143,HP:0003363,Abdominal situs inversus,HP:0001696,Situs inversus totalis,0.7802336900383903,0.8396107963667302
144,HP:0001696,Situs inversus totalis,HP:0003363,Abdominal situs inversus,0.7802336900383903,0.8396107963667302
145,HP:0002715,Abnormality of the immune system,HP:0000818,Abnormality of the endocrine system,0.7802336900383903,0.8396083831573132
146,HP:0000818,Abnormality of the endocrine system,HP:0002715,Abnormality of the immune system,0.7802336900383903,0.8396083831573132
147,HP:0008388,Abnormal toenail morphology,HP:0010321,Abnormal fourth toe morphology,0.7802336900383903,0.8393165316553587
148,HP:0010321,Abnormal fourth toe morphology,HP:0008388,Abnormal toenail morphology,0.7802336900383903,0.8393165316553587
149,HP:0045027,Abnormality of the thoracic cavity,HP:0005257,Thoracic hypoplasia,0.7802336900383903,0.8386537432174087
150,HP:0005257,Thoracic hypoplasia,HP:0045027,Abnormality of the thoracic cavity,0.7802336900383903,0.8386537432174087
151,HP:0005599,Hypopigmentation of hair,HP:0040030,Chorioretinal hypopigmentation,0.7802336900383903,0.8386118760297521
152,HP:0040030,Chorioretinal hypopigmentation,HP:0005599,Hypopigmentation of hair,0.7802336900383903,0.8386118760297521
153,HP:0034624,Spinal cord xanthomatosis,HP:0034623,Splenic xanthomatosis,0.7802336900383903,0.8377997334332131
154,HP:0034623,Splenic xanthomatosis,HP:0034624,Spinal cord xanthomatosis,0.7802336900383903,0.8377997334332131
155,HP:0030964,Abnormal aortic physiology,HP:0034482,Abnormal spinal cord physiology,0.7802336900383903,0.8370449698969138
156,HP:0034482,Abnormal spinal cord physiology,HP:0030964,Abnormal aortic physiology,0.7802336900383903,0.8370449698969138
157,HP:0010476,Aplasia/Hypoplasia of the bladder,HP:0011466,Aplasia/Hypoplasia of the gallbladder,0.7802336900383903,0.8368345490668591
158,HP:0011466,Aplasia/Hypoplasia of the gallbladder,HP:0010476,Aplasia/Hypoplasia of the bladder,0.7802336900383903,0.8368345490668591
159,HP:0000707,Abnormality of the nervous system,HP:0000818,Abnormality of the endocrine system,0.7802336900383903,0.8366545311426077
160,HP:0000818,Abnormality of the endocrine system,HP:0000707,Abnormality of the nervous system,0.7802336900383903,0.8366545311426077
161,HP:0034623,Splenic xanthomatosis,HP:0034626,Pulmonary xanthomatosis,0.7802336900383903,0.836551626175141
162,HP:0034626,Pulmonary xanthomatosis,HP:0034623,Splenic xanthomatosis,0.7802336900383903,0.836551626175141
163,HP:0011226,Aplasia/Hypoplasia of the eyelid,HP:0008063,Aplasia/Hypoplasia of the lens,0.7802336900383903,0.8362354119594942
164,HP:0008063,Aplasia/Hypoplasia of the lens,HP:0011226,Aplasia/Hypoplasia of the eyelid,0.7802336900383903,0.8362354119594942
165,HP:0002031,Abnormal esophagus morphology,HP:0002778,Abnormal tracheal morphology,0.7802336900383903,0.8360491578113032
166,HP:0002778,Abnormal tracheal morphology,HP:0002031,Abnormal esophagus morphology,0.7802336900383903,0.8360491578113032
167,HP:0008845,Mesomelic short stature,HP:0004987,Mesomelic leg shortening,0.7802336900383903,0.8359896729073086
168,HP:0004987,Mesomelic leg shortening,HP:0008845,Mesomelic short stature,0.7802336900383903,0.8359896729073086
169,HP:0008003,Jerky ocular pursuit movements,HP:0006961,Jerky head movements,0.7802336900383903,0.8352408011444613
170,HP:0006961,Jerky head movements,HP:0008003,Jerky ocular pursuit movements,0.7802336900383903,0.8352408011444613
171,HP:0025461,Abnormal cell morphology,HP:0020047,Abnormal myeloid cell morphology,0.7802336900383903,0.8350050255738902
172,HP:0020047,Abnormal myeloid cell morphology,HP:0025461,Abnormal cell morphology,0.7802336900383903,0.8350050255738902
173,HP:0005466,Hypoplasia of the frontal bone,HP:0007333,Hypoplasia of the frontal lobes,0.7802336900383903,0.8344729548456323
174,HP:0007333,Hypoplasia of the frontal lobes,HP:0005466,Hypoplasia of the frontal bone,0.7802336900383903,0.8344729548456323
175,HP:0011281,Abnormality of urine catecholamine level,HP:0012099,Abnormality of circulating catecholamine level,0.7802336900383903,0.834144894445826
176,HP:0012099,Abnormality of circulating catecholamine level,HP:0011281,Abnormality of urine catecholamine level,0.7802336900383903,0.834144894445826
177,HP:0030178,Abnormality of central nervous system electrophysiology,HP:0030453,Abnormal visual electrophysiology,0.7802336900383903,0.834091809283196
178,HP:0030453,Abnormal visual electrophysiology,HP:0030178,Abnormality of central nervous system electrophysiology,0.7802336900383903,0.834091809283196
179,HP:0002048,Renal cortical atrophy,HP:0002120,Cerebral cortical atrophy,0.7802336900383903,0.8339327717233344
180,HP:0002120,Cerebral cortical atrophy,HP:0002048,Renal cortical atrophy,0.7802336900383903,0.8339327717233344
181,HP:0007360,Aplasia/Hypoplasia of the cerebellum,HP:0008515,Aplasia/Hypoplasia of the vertebrae,0.7802336900383903,0.8338764444301237
182,HP:0008515,Aplasia/Hypoplasia of the vertebrae,HP:0007360,Aplasia/Hypoplasia of the cerebellum,0.7802336900383903,0.8338764444301237
183,HP:0031256,Optic nerve arteriovenous malformation,HP:0031255,Hypothalamic arteriovenous malformation,0.7802336900383903,0.8336986413532592
184,HP:0031255,Hypothalamic arteriovenous malformation,HP:0031256,Optic nerve arteriovenous malformation,0.7802336900383903,0.8336986413532592
185,HP:0030809,Abnormal tongue morphology,HP:3000075,Abnormal lingual nerve morphology,0.7802336900383903,0.8335490991140916
186,HP:3000075,Abnormal lingual nerve morphology,HP:0030809,Abnormal tongue morphology,0.7802336900383903,0.8335490991140916
187,HP:0011937,Hypoplastic fifth toenail,HP:0010383,Aplasia/Hypoplasia of the phalanges of the 5th toe,0.7802336900383903,0.8332660566592348
188,HP:0010383,Aplasia/Hypoplasia of the phalanges of the 5th toe,HP:0011937,Hypoplastic fifth toenail,0.7802336900383903,0.8332660566592348
189,HP:0000707,Abnormality of the nervous system,HP:0002715,Abnormality of the immune system,0.7802336900383903,0.8329816859084835
190,HP:0002715,Abnormality of the immune system,HP:0000707,Abnormality of the nervous system,0.7802336900383903,0.8329816859084835
191,HP:0034625,Brain xanthomatosis,HP:0034623,Splenic xanthomatosis,0.7802336900383903,0.8329206549896248
192,HP:0034623,Splenic xanthomatosis,HP:0034625,Brain xanthomatosis,0.7802336900383903,0.8329206549896248
193,HP:0034625,Brain xanthomatosis,HP:0034628,Lymph node xanthomatosis,0.7802336900383903,0.8327554884207171
194,HP:0034628,Lymph node xanthomatosis,HP:0034625,Brain xanthomatosis,0.7802336900383903,0.8327554884207171
195,HP:0025590,Abnormal extraocular muscle physiology,HP:0008049,Abnormality of the extraocular muscles,0.7802336900383903,0.8323549613326672
196,HP:0008049,Abnormality of the extraocular muscles,HP:0025590,Abnormal extraocular muscle physiology,0.7802336900383903,0.8323549613326672
197,HP:0011403,Abnormal umbilical cord blood vessel morphology,HP:0025015,Abnormal vascular morphology,0.7802336900383903,0.8322607982616201
198,HP:0025015,Abnormal vascular morphology,HP:0011403,Abnormal umbilical cord blood vessel morphology,0.7802336900383903,0.8322607982616201
199,HP:0001713,Abnormal cardiac ventricle morphology,HP:0002118,Abnormal cerebral ventricle morphology,0.7802336900383903,0.8320313028820587
200,HP:0002118,Abnormal cerebral ventricle morphology,HP:0001713,Abnormal cardiac ventricle morphology,0.7802336900383903,0.8320313028820587
201,HP:0012555,Absent nail of hallux,HP:0011305,Partial absence of toe,0.7802336900383903,0.8319230772501796
202,HP:0011305,Partial absence of toe,HP:0012555,Absent nail of hallux,0.7802336900383903,0.8319230772501796
203,HP:0031036,Reduced growth-hormone binding protein level,HP:0034323,Reduced circulating growth hormone concentration,0.7802336900383903,0.8316979397971918
204,HP:0034323,Reduced circulating growth hormone concentration,HP:0031036,Reduced growth-hormone binding protein level,0.7802336900383903,0.8316979397971918
205,HP:0034626,Pulmonary xanthomatosis,HP:0034622,Adrenal xanthomatosis,0.7802336900383903,0.8316282912366072
206,HP:0034622,Adrenal xanthomatosis,HP:0034626,Pulmonary xanthomatosis,0.7802336900383903,0.8316282912366072
207,HP:0034625,Brain xanthomatosis,HP:0034627,Bone marrow xanthomatosis,0.7802336900383903,0.8310424691981926
208,HP:0034627,Bone marrow xanthomatosis,HP:0034625,Brain xanthomatosis,0.7802336900383903,0.8310424691981926
209,HP:0010624,Aplastic/hypoplastic toenail,HP:0010203,Aplasia/hypoplasia of proximal toe phalanx,0.7802336900383903,0.8308435005928374
210,HP:0010203,Aplasia/hypoplasia of proximal toe phalanx,HP:0010624,Aplastic/hypoplastic toenail,0.7802336900383903,0.8308435005928374
211,HP:0011396,Abnormality of the cochlear nerve,HP:0009591,Abnorma vestibulocochlear nerve morphology,0.7802336900383903,0.8305560845567602
212,HP:0009591,Abnorma vestibulocochlear nerve morphology,HP:0011396,Abnormality of the cochlear nerve,0.7802336900383903,0.8305560845567602
213,HP:0045057,Decreased circulating alpha-fetoprotein concentration,HP:0010570,Low maternal circulating alpha-fetoprotein concentration,0.7303410244568754,0.8305055020375783
214,HP:0010570,Low maternal circulating alpha-fetoprotein concentration,HP:0045057,Decreased circulating alpha-fetoprotein concentration,0.7303410244568754,0.8305055020375783
215,HP:0034430,Abnormal joint physiology,HP:0034482,Abnormal spinal cord physiology,0.7802336900383903,0.8303009167732182
216,HP:0034482,Abnormal spinal cord physiology,HP:0034430,Abnormal joint physiology,0.7802336900383903,0.8303009167732182
217,HP:0006891,Thick cerebral cortex,HP:0002737,Thick skull base,0.7802336900383903,0.8300814574434419
218,HP:0002737,Thick skull base,HP:0006891,Thick cerebral cortex,0.7802336900383903,0.8300814574434419
219,HP:0012090,Abnormal pancreas morphology,HP:0000849,Adrenocortical abnormality,0.7802336900383903,0.8299494041365327
220,HP:0000849,Adrenocortical abnormality,HP:0012090,Abnormal pancreas morphology,0.7802336900383903,0.8299494041365327
221,HP:0030008,Cervical agenesis,HP:0008459,Cervical vertebral agenesis,0.7802336900383903,0.8299353189532918
222,HP:0008459,Cervical vertebral agenesis,HP:0030008,Cervical agenesis,0.7802336900383903,0.8299353189532918
223,HP:0034384,Elevated circulating insulin:C-peptide ratio,HP:0030796,Increased C-peptide level,0.7802336900383903,0.8298279831306642
224,HP:0030796,Increased C-peptide level,HP:0034384,Elevated circulating insulin:C-peptide ratio,0.7802336900383903,0.8298279831306642
225,HP:0034626,Pulmonary xanthomatosis,HP:0034628,Lymph node xanthomatosis,0.7802336900383903,0.8295546299437666
226,HP:0034628,Lymph node xanthomatosis,HP:0034626,Pulmonary xanthomatosis,0.7802336900383903,0.8295546299437666
227,HP:0033975,Absent second fingernail,HP:0009576,Absent middle phalanx of 2nd finger,0.7802336900383903,0.8293070732841783
228,HP:0009576,Absent middle phalanx of 2nd finger,HP:0033975,Absent second fingernail,0.7802336900383903,0.8293070732841783
229,HP:0001939,Abnormality of metabolism/homeostasis,HP:0025031,Abnormality of the digestive system,0.7802336900383903,0.8291815536011902
230,HP:0025031,Abnormality of the digestive system,HP:0001939,Abnormality of metabolism/homeostasis,0.7802336900383903,0.8291815536011902
231,HP:0002795,Abnormal respiratory system physiology,HP:0011277,Abnormality of the urinary system physiology,0.7802336900383903,0.828523231813185
232,HP:0011277,Abnormality of the urinary system physiology,HP:0002795,Abnormal respiratory system physiology,0.7802336900383903,0.828523231813185
233,HP:0040118,Stenosis of the Eustachian tube,HP:0002777,Tracheal stenosis,0.7802336900383903,0.8284410469108118
234,HP:0002777,Tracheal stenosis,HP:0040118,Stenosis of the Eustachian tube,0.7802336900383903,0.8284410469108118
235,HP:0008386,Aplasia/Hypoplasia of the nails,HP:0009835,Aplasia/Hypoplasia of the distal phalanges of the hand,0.7802336900383903,0.8283655169348618
236,HP:0009835,Aplasia/Hypoplasia of the distal phalanges of the hand,HP:0008386,Aplasia/Hypoplasia of the nails,0.7802336900383903,0.8283655169348618
237,HP:0008398,Hypoplastic fifth fingernail,HP:0009237,Short 5th finger,0.7802336900383903,0.8283634150988451
238,HP:0009237,Short 5th finger,HP:0008398,Hypoplastic fifth fingernail,0.7802336900383903,0.8283634150988451
239,HP:0040031,Chorioretinal hyperpigmentation,HP:0007400,Irregular hyperpigmentation,0.7802336900383903,0.8279472252768139
240,HP:0007400,Irregular hyperpigmentation,HP:0040031,Chorioretinal hyperpigmentation,0.7802336900383903,0.8279472252768139
241,HP:0010311,Aplasia/Hypoplasia of the breasts,HP:0033079,Aplasia/Hypoplasia of the thyroid gland,0.7802336900383903,0.827062499487605
242,HP:0033079,Aplasia/Hypoplasia of the thyroid gland,HP:0010311,Aplasia/Hypoplasia of the breasts,0.7802336900383903,0.827062499487605
243,HP:3000075,Abnormal lingual nerve morphology,HP:3000074,Abnormal lingual artery morphology,0.7802336900383903,0.8269695456357032
244,HP:3000074,Abnormal lingual artery morphology,HP:3000075,Abnormal lingual nerve morphology,0.7802336900383903,0.8269695456357032
245,HP:0010999,Aplasia of the optic tract,HP:0007770,Hypoplasia of the retina,0.7802336900383903,0.8266827293377467
246,HP:0007770,Hypoplasia of the retina,HP:0010999,Aplasia of the optic tract,0.7802336900383903,0.8266827293377467
247,HP:0100094,Abnormality of the epiphysis of the distal phalanx of the 4th toe,HP:0008393,Congenital curved nail of fourth toe,0.7802336900383903,0.8266630923079535
248,HP:0008393,Congenital curved nail of fourth toe,HP:0100094,Abnormality of the epiphysis of the distal phalanx of the 4th toe,0.7802336900383903,0.8266630923079535
249,HP:0002624,Abnormal venous morphology,HP:0033835,Abnormal renal vascular morphology,0.7802336900383903,0.8266311706051606
250,HP:0033835,Abnormal renal vascular morphology,HP:0002624,Abnormal venous morphology,0.7802336900383903,0.8266311706051606
251,HP:0008398,Hypoplastic fifth fingernail,HP:0004227,Short distal phalanx of the 5th finger,0.7802336900383903,0.8260995954135049
252,HP:0004227,Short distal phalanx of the 5th finger,HP:0008398,Hypoplastic fifth fingernail,0.7802336900383903,0.8260995954135049
253,HP:0025016,Abnormal capillary morphology,HP:0025006,Abnormal glomerular capillary morphology,0.7802336900383903,0.8256443644914138
254,HP:0025006,Abnormal glomerular capillary morphology,HP:0025016,Abnormal capillary morphology,0.7802336900383903,0.8256443644914138
255,HP:0040163,Abnormal pelvis bone morphology,HP:0031065,Abnormal ovarian morphology,0.7802336900383903,0.825437891828284
256,HP:0031065,Abnormal ovarian morphology,HP:0040163,Abnormal pelvis bone morphology,0.7802336900383903,0.825437891828284
257,HP:0008386,Aplasia/Hypoplasia of the nails,HP:0009767,Aplasia/Hypoplasia of the phalanges of the hand,0.7802336900383903,0.8253921947095941
258,HP:0009767,Aplasia/Hypoplasia of the phalanges of the hand,HP:0008386,Aplasia/Hypoplasia of the nails,0.7802336900383903,0.8253921947095941
259,HP:0001211,Abnormal fingertip morphology,HP:0001231,Abnormal fingernail morphology,0.7802336900383903,0.8253468553002102
260,HP:0001231,Abnormal fingernail morphology,HP:0001211,Abnormal fingertip morphology,0.7802336900383903,0.8253468553002102
261,HP:0034627,Bone marrow xanthomatosis,HP:0034626,Pulmonary xanthomatosis,0.7802336900383903,0.824923015414426
262,HP:0034626,Pulmonary xanthomatosis,HP:0034627,Bone marrow xanthomatosis,0.7802336900383903,0.824923015414426
263,HP:0033835,Abnormal renal vascular morphology,HP:0100659,Abnormal cerebral vascular morphology,0.7802336900383903,0.824467263583967
264,HP:0100659,Abnormal cerebral vascular morphology,HP:0033835,Abnormal renal vascular morphology,0.7802336900383903,0.824467263583967
265,HP:0000591,Abnormal sclera morphology,HP:0000502,Abnormal conjunctiva morphology,0.7802336900383903,0.8242528331015515
266,HP:0000502,Abnormal conjunctiva morphology,HP:0000591,Abnormal sclera morphology,0.7802336900383903,0.8242528331015515
267,HP:0031255,Hypothalamic arteriovenous malformation,HP:0031257,Arteriovenous malformation of the maxilla,0.7802336900383903,0.824028418892742
268,HP:0031257,Arteriovenous malformation of the maxilla,HP:0031255,Hypothalamic arteriovenous malformation,0.7802336900383903,0.824028418892742
269,HP:0040047,Abnormal right hemidiaphragm morphology,HP:0005607,Abnormal tracheobronchial morphology,0.7802336900383903,0.8240205587716715
270,HP:0005607,Abnormal tracheobronchial morphology,HP:0040047,Abnormal right hemidiaphragm morphology,0.7802336900383903,0.8240205587716715
271,HP:0025461,Abnormal cell morphology,HP:0012862,Abnormal germ cell morphology,0.7802336900383903,0.8238496592720469
272,HP:0012862,Abnormal germ cell morphology,HP:0025461,Abnormal cell morphology,0.7802336900383903,0.8238496592720469
273,HP:0031640,Abnormal radial artery morphology,HP:0033883,Abnormal cortical radial artery morphology,0.7802336900383903,0.8235548194962379
274,HP:0033883,Abnormal cortical radial artery morphology,HP:0031640,Abnormal radial artery morphology,0.7802336900383903,0.8235548194962379
275,HP:0003334,Elevated circulating catecholamine level,HP:0011976,Elevated urinary catecholamine level,0.7802336900383903,0.8232743391424913
276,HP:0011976,Elevated urinary catecholamine level,HP:0003334,Elevated circulating catecholamine level,0.7802336900383903,0.8232743391424913
277,HP:0007272,Progressive psychomotor deterioration,HP:0003323,Progressive muscle weakness,0.7802336900383903,0.8230811267618761
278,HP:0003323,Progressive muscle weakness,HP:0007272,Progressive psychomotor deterioration,0.7802336900383903,0.8230811267618761
279,HP:0031257,Arteriovenous malformation of the maxilla,HP:0031254,Thalamic arteriovenous malformation,0.7802336900383903,0.822931746210717
280,HP:0031254,Thalamic arteriovenous malformation,HP:0031257,Arteriovenous malformation of the maxilla,0.7802336900383903,0.822931746210717
281,HP:0010338,Deviation of the 4th toe,HP:0008393,Congenital curved nail of fourth toe,0.7802336900383903,0.8226613999635419
282,HP:0008393,Congenital curved nail of fourth toe,HP:0010338,Deviation of the 4th toe,0.7802336900383903,0.8226613999635419
283,HP:0000472,Long neck,HP:0033985,Elongated femoral neck,0.7802336900383903,0.8226589493425276
284,HP:0033985,Elongated femoral neck,HP:0000472,Long neck,0.7802336900383903,0.8226589493425276
285,HP:0034627,Bone marrow xanthomatosis,HP:0034622,Adrenal xanthomatosis,0.7802336900383903,0.8226020105925824
286,HP:0034622,Adrenal xanthomatosis,HP:0034627,Bone marrow xanthomatosis,0.7802336900383903,0.8226020105925824
287,HP:0007365,Aplasia/Hypoplasia involving the corticospinal tracts,HP:0008515,Aplasia/Hypoplasia of the vertebrae,0.7802336900383903,0.8225565205691467
288,HP:0008515,Aplasia/Hypoplasia of the vertebrae,HP:0007365,Aplasia/Hypoplasia involving the corticospinal tracts,0.7802336900383903,0.8225565205691467
289,HP:0006558,Decreased mitochondrial complex III activity in liver tissue,HP:0011924,Decreased activity of mitochondrial complex III,0.7802336900383903,0.8223663769063803
290,HP:0011924,Decreased activity of mitochondrial complex III,HP:0006558,Decreased mitochondrial complex III activity in liver tissue,0.7802336900383903,0.8223663769063803
291,HP:0011937,Hypoplastic fifth toenail,HP:0100394,Short middle phalanx of the 5th toe,0.7802336900383903,0.8223309418478255
292,HP:0100394,Short middle phalanx of the 5th toe,HP:0011937,Hypoplastic fifth toenail,0.7802336900383903,0.8223309418478255
293,HP:0001713,Abnormal cardiac ventricle morphology,HP:0030047,Abnormal lateral ventricle morphology,0.7802336900383903,0.8221673869947879
294,HP:0030047,Abnormal lateral ventricle morphology,HP:0001713,Abnormal cardiac ventricle morphology,0.7802336900383903,0.8221673869947879
295,HP:0100391,Short distal phalanx of the 5th toe,HP:0011937,Hypoplastic fifth toenail,0.7802336900383903,0.8221001419141372
296,HP:0011937,Hypoplastic fifth toenail,HP:0100391,Short distal phalanx of the 5th toe,0.7802336900383903,0.8221001419141372
297,HP:0031652,Abnormal aortic valve physiology,HP:0034430,Abnormal joint physiology,0.7802336900383903,0.8220605683103079
298,HP:0034430,Abnormal joint physiology,HP:0031652,Abnormal aortic valve physiology,0.7802336900383903,0.8220605683103079
299,HP:0008272,Renal tubular lysine transport defect,HP:0008265,Mitochondrial lysine transport defect,0.7802336900383903,0.8217417890268615
300,HP:0008265,Mitochondrial lysine transport defect,HP:0008272,Renal tubular lysine transport defect,0.7802336900383903,0.8217417890268615
301,HP:0031065,Abnormal ovarian morphology,HP:0040004,Abnormality of corneal shape,0.7802336900383903,0.8212618415210744
302,HP:0040004,Abnormality of corneal shape,HP:0031065,Abnormal ovarian morphology,0.7802336900383903,0.8212618415210744
303,HP:0100397,Short proximal phalanx of the 5th toe,HP:0011937,Hypoplastic fifth toenail,0.7802336900383903,0.8209776889158781
304,HP:0011937,Hypoplastic fifth toenail,HP:0100397,Short proximal phalanx of the 5th toe,0.7802336900383903,0.8209776889158781
305,HP:0040045,Abnormal hemidiaphragm morphology,HP:0005607,Abnormal tracheobronchial morphology,0.7802336900383903,0.8208677545779292
306,HP:0005607,Abnormal tracheobronchial morphology,HP:0040045,Abnormal hemidiaphragm morphology,0.7802336900383903,0.8208677545779292
307,HP:0011937,Hypoplastic fifth toenail,HP:0100371,Aplasia/Hypoplasia of the distal phalanx of the 5th toe,0.7802336900383903,0.8207392398836179
308,HP:0100371,Aplasia/Hypoplasia of the distal phalanx of the 5th toe,HP:0011937,Hypoplastic fifth toenail,0.7802336900383903,0.8207392398836179
309,HP:0100096,Abnormality of the epiphysis of the proximal phalanx of the 4th toe,HP:0008393,Congenital curved nail of fourth toe,0.7802336900383903,0.8205085824139356
310,HP:0008393,Congenital curved nail of fourth toe,HP:0100096,Abnormality of the epiphysis of the proximal phalanx of the 4th toe,0.7802336900383903,0.8205085824139356
311,HP:0008393,Congenital curved nail of fourth toe,HP:0010378,Triangular shaped phalanges of the 4th toe,0.7802336900383903,0.8204430733640935
312,HP:0010378,Triangular shaped phalanges of the 4th toe,HP:0008393,Congenital curved nail of fourth toe,0.7802336900383903,0.8204430733640935
313,HP:0001943,Hypoglycemia,HP:0040216,Hypoinsulinemia,0.7802336900383903,0.8204057797534392
314,HP:0040216,Hypoinsulinemia,HP:0001943,Hypoglycemia,0.7802336900383903,0.8204057797534392
315,HP:0007779,Anterior segment of eye aplasia,HP:0010999,Aplasia of the optic tract,0.7802336900383903,0.8203605013433334
316,HP:0010999,Aplasia of the optic tract,HP:0007779,Anterior segment of eye aplasia,0.7802336900383903,0.8203605013433334
317,HP:0007362,Aplasia/Hypoplasia of the brainstem,HP:0009116,Aplasia/Hypoplasia involving bones of the skull,0.7802336900383903,0.820330789236253
318,HP:0009116,Aplasia/Hypoplasia involving bones of the skull,HP:0007362,Aplasia/Hypoplasia of the brainstem,0.7802336900383903,0.820330789236253
319,HP:0006265,Aplasia/Hypoplasia of fingers,HP:0008386,Aplasia/Hypoplasia of the nails,0.7802336900383903,0.8199968416930037
320,HP:0008386,Aplasia/Hypoplasia of the nails,HP:0006265,Aplasia/Hypoplasia of fingers,0.7802336900383903,0.8199968416930037
321,HP:0034589,Increased circulating dehydroepiandrosterone-sulfate concentration,HP:0010569,Elevated circulating 7-dehydrocholesterol concentration,0.7802336900383903,0.8197008833711017
322,HP:0010569,Elevated circulating 7-dehydrocholesterol concentration,HP:0034589,Increased circulating dehydroepiandrosterone-sulfate concentration,0.7802336900383903,0.8197008833711017
323,HP:0001961,Hypoplastic heart,HP:0005257,Thoracic hypoplasia,0.7802336900383903,0.8195435408686264
324,HP:0005257,Thoracic hypoplasia,HP:0001961,Hypoplastic heart,0.7802336900383903,0.8195435408686264
325,HP:0008393,Congenital curved nail of fourth toe,HP:0009282,Abnormality of the distal phalanx of the 4th finger,0.7802336900383903,0.8193060299198133
326,HP:0009282,Abnormality of the distal phalanx of the 4th finger,HP:0008393,Congenital curved nail of fourth toe,0.7802336900383903,0.8193060299198133
327,HP:0006402,Distal shortening of limbs,HP:0008909,Lethal short-limbed short stature,0.7802336900383903,0.8192027898794888
328,HP:0008909,Lethal short-limbed short stature,HP:0006402,Distal shortening of limbs,0.7802336900383903,0.8192027898794888
329,HP:0005607,Abnormal tracheobronchial morphology,HP:0000433,Abnormal nasal mucosa morphology,0.7802336900383903,0.8190443321980466
330,HP:0000433,Abnormal nasal mucosa morphology,HP:0005607,Abnormal tracheobronchial morphology,0.7802336900383903,0.8190443321980466
331,HP:0012373,Abnormal eye physiology,HP:0031879,Abnormal eyelid physiology,0.7802336900383903,0.8188839884901136
332,HP:0031879,Abnormal eyelid physiology,HP:0012373,Abnormal eye physiology,0.7802336900383903,0.8188839884901136
333,HP:0009288,Curved proximal phalanx of the 4th finger,HP:0008393,Congenital curved nail of fourth toe,0.7802336900383903,0.8187660902870133
334,HP:0008393,Congenital curved nail of fourth toe,HP:0009288,Curved proximal phalanx of the 4th finger,0.7802336900383903,0.8187660902870133
335,HP:0011937,Hypoplastic fifth toenail,HP:0010343,Aplasia/Hypoplasia of the 5th toe,0.7802336900383903,0.8187240084976147
336,HP:0010343,Aplasia/Hypoplasia of the 5th toe,HP:0011937,Hypoplastic fifth toenail,0.7802336900383903,0.8187240084976147
337,HP:0011937,Hypoplastic fifth toenail,HP:0100368,Short phalanx of the 5th toe,0.7802336900383903,0.8185489172400564
338,HP:0100368,Short phalanx of the 5th toe,HP:0011937,Hypoplastic fifth toenail,0.7802336900383903,0.8185489172400564
339,HP:0007483,Depigmentation/hyperpigmentation of skin,HP:0040031,Chorioretinal hyperpigmentation,0.7802336900383903,0.8185468632709738
340,HP:0040031,Chorioretinal hyperpigmentation,HP:0007483,Depigmentation/hyperpigmentation of skin,0.7802336900383903,0.8185468632709738
341,HP:0008188,Thyroid dysgenesis,HP:0000133,Gonadal dysgenesis,0.7802336900383903,0.8184176133006072
342,HP:0000133,Gonadal dysgenesis,HP:0008188,Thyroid dysgenesis,0.7802336900383903,0.8184176133006072
343,HP:0006402,Distal shortening of limbs,HP:0011405,Childhood onset short-limb short stature,0.7802336900383903,0.8183427653532387
344,HP:0011405,Childhood onset short-limb short stature,HP:0006402,Distal shortening of limbs,0.7802336900383903,0.8183427653532387
345,HP:0001800,Hypoplastic toenails,HP:0010109,Short hallux,0.7802336900383903,0.8183060168438918
346,HP:0010109,Short hallux,HP:0001800,Hypoplastic toenails,0.7802336900383903,0.8183060168438918
347,HP:0009832,Abnormal distal phalanx morphology of finger,HP:0001231,Abnormal fingernail morphology,0.7802336900383903,0.8182407150419156
348,HP:0001231,Abnormal fingernail morphology,HP:0009832,Abnormal distal phalanx morphology of finger,0.7802336900383903,0.8182407150419156
349,HP:0009116,Aplasia/Hypoplasia involving bones of the skull,HP:0007360,Aplasia/Hypoplasia of the cerebellum,0.7802336900383903,0.81822842994042
350,HP:0007360,Aplasia/Hypoplasia of the cerebellum,HP:0009116,Aplasia/Hypoplasia involving bones of the skull,0.7802336900383903,0.81822842994042
351,HP:0025032,Abnormality of digestive system physiology,HP:0012638,Abnormal nervous system physiology,0.7802336900383903,0.818172388732594
352,HP:0012638,Abnormal nervous system physiology,HP:0025032,Abnormality of digestive system physiology,0.7802336900383903,0.818172388732594
353,HP:0001000,Abnormality of skin pigmentation,HP:0008002,Abnormality of macular pigmentation,0.7802336900383903,0.8177800017795485
354,HP:0008002,Abnormality of macular pigmentation,HP:0001000,Abnormality of skin pigmentation,0.7802336900383903,0.8177800017795485
355,HP:0002089,Pulmonary hypoplasia,HP:0005257,Thoracic hypoplasia,0.7802336900383903,0.8177754306736837
356,HP:0005257,Thoracic hypoplasia,HP:0002089,Pulmonary hypoplasia,0.7802336900383903,0.8177754306736837
357,HP:0010515,Aplasia/Hypoplasia of the thymus,HP:0010311,Aplasia/Hypoplasia of the breasts,0.7802336900383903,0.8174730473226157
358,HP:0010311,Aplasia/Hypoplasia of the breasts,HP:0010515,Aplasia/Hypoplasia of the thymus,0.7802336900383903,0.8174730473226157
359,HP:0000147,Polycystic ovaries,HP:0006557,Polycystic liver disease,0.7802336900383903,0.8174114149015955
360,HP:0006557,Polycystic liver disease,HP:0000147,Polycystic ovaries,0.7802336900383903,0.8174114149015955
361,HP:0008393,Congenital curved nail of fourth toe,HP:0010335,Abnormality of the epiphyses of the 4th toe,0.7802336900383903,0.8173159028500785
362,HP:0010335,Abnormality of the epiphyses of the 4th toe,HP:0008393,Congenital curved nail of fourth toe,0.7802336900383903,0.8173159028500785
363,HP:0040046,Abnormal left hemidiaphragm morphology,HP:0005607,Abnormal tracheobronchial morphology,0.7802336900383903,0.8170834731191416
364,HP:0005607,Abnormal tracheobronchial morphology,HP:0040046,Abnormal left hemidiaphragm morphology,0.7802336900383903,0.8170834731191416
365,HP:0031740,Abnormal horizontal rectus muscle physiology,HP:3000069,Abnormality of lateral rectus extra-ocular muscle,0.7802336900383903,0.8168596733842273
366,HP:3000069,Abnormality of lateral rectus extra-ocular muscle,HP:0031740,Abnormal horizontal rectus muscle physiology,0.7802336900383903,0.8168596733842273
367,HP:0010337,Aplasia/Hypoplasia of the 4th toe,HP:0008393,Congenital curved nail of fourth toe,0.7802336900383903,0.8168388196070062
368,HP:0008393,Congenital curved nail of fourth toe,HP:0010337,Aplasia/Hypoplasia of the 4th toe,0.7802336900383903,0.8168388196070062
369,HP:0005853,Congenital foot contraction deformities,HP:0005850,Congenital talipes calcaneovalgus,0.7802336900383903,0.8168049704910982
370,HP:0005850,Congenital talipes calcaneovalgus,HP:0005853,Congenital foot contraction deformities,0.7802336900383903,0.8168049704910982
371,HP:0003562,Abnormal metaphyseal vascular invasion,HP:0025015,Abnormal vascular morphology,0.7802336900383903,0.816736840365583
372,HP:0025015,Abnormal vascular morphology,HP:0003562,Abnormal metaphyseal vascular invasion,0.7802336900383903,0.816736840365583
373,HP:0032094,Increased circulating surfactant protein level,HP:0032980,Absent bronchoalveolar surfactant-protein C,0.7802336900383903,0.8166414218319816
374,HP:0032980,Absent bronchoalveolar surfactant-protein C,HP:0032094,Increased circulating surfactant protein level,0.7802336900383903,0.8166414218319816
375,HP:0002745,Oral leukoplakia,HP:0012859,Esophageal leukoplakia,0.7802336900383903,0.8165796086228392
376,HP:0012859,Esophageal leukoplakia,HP:0002745,Oral leukoplakia,0.7802336900383903,0.8165796086228392
377,HP:0040255,Aplasia/Hypoplasia of the clitoris,HP:0009103,Aplasia/Hypoplasia involving the pelvis,0.7802336900383903,0.8164560683765689
378,HP:0009103,Aplasia/Hypoplasia involving the pelvis,HP:0040255,Aplasia/Hypoplasia of the clitoris,0.7802336900383903,0.8164560683765689
379,HP:0007703,Abnormality of retinal pigmentation,HP:0007427,Reticulated skin pigmentation,0.7802336900383903,0.8163714727670345
380,HP:0007427,Reticulated skin pigmentation,HP:0007703,Abnormality of retinal pigmentation,0.7802336900383903,0.8163714727670345
381,HP:0008393,Congenital curved nail of fourth toe,HP:0040035,Abnormality of the fourth metatarsal bone,0.7802336900383903,0.8162298665623136
382,HP:0040035,Abnormality of the fourth metatarsal bone,HP:0008393,Congenital curved nail of fourth toe,0.7802336900383903,0.8162298665623136
383,HP:0031254,Thalamic arteriovenous malformation,HP:0100026,Arteriovenous malformation,0.7802336900383903,0.8162155520182227
384,HP:0100026,Arteriovenous malformation,HP:0031254,Thalamic arteriovenous malformation,0.7802336900383903,0.8162155520182227
385,HP:0100374,Aplasia/Hypoplasia of the middle phalanx of the 5th toe,HP:0011937,Hypoplastic fifth toenail,0.7802336900383903,0.8162058921134144
386,HP:0011937,Hypoplastic fifth toenail,HP:0100374,Aplasia/Hypoplasia of the middle phalanx of the 5th toe,0.7802336900383903,0.8162058921134144
387,HP:0008193,Primary gonadal insufficiency,HP:0008639,Gonadal hypoplasia,0.7802336900383903,0.8161601480353458
388,HP:0008639,Gonadal hypoplasia,HP:0008193,Primary gonadal insufficiency,0.7802336900383903,0.8161601480353458
389,HP:0003323,Progressive muscle weakness,HP:0007133,Progressive peripheral neuropathy,0.7802336900383903,0.8161366053973587
390,HP:0007133,Progressive peripheral neuropathy,HP:0003323,Progressive muscle weakness,0.7802336900383903,0.8161366053973587
391,HP:0006961,Jerky head movements,HP:0007738,Uncontrolled eye movements,0.7802336900383903,0.8159319353771041
392,HP:0007738,Uncontrolled eye movements,HP:0006961,Jerky head movements,0.7802336900383903,0.8159319353771041
393,HP:0009192,Aplasia/Hypoplasia of the proximal phalanx of the 5th finger,HP:0008398,Hypoplastic fifth fingernail,0.7802336900383903,0.8157594764017175
394,HP:0008398,Hypoplastic fifth fingernail,HP:0009192,Aplasia/Hypoplasia of the proximal phalanx of the 5th finger,0.7802336900383903,0.8157594764017175
395,HP:0040030,Chorioretinal hypopigmentation,HP:0007483,Depigmentation/hyperpigmentation of skin,0.7802336900383903,0.8157291217961806
396,HP:0007483,Depigmentation/hyperpigmentation of skin,HP:0040030,Chorioretinal hypopigmentation,0.7802336900383903,0.8157291217961806
397,HP:0005257,Thoracic hypoplasia,HP:0006539,Bronchial cartilage hypoplasia,0.7802336900383903,0.8156253977527502
398,HP:0006539,Bronchial cartilage hypoplasia,HP:0005257,Thoracic hypoplasia,0.7802336900383903,0.8156253977527502
399,HP:0100095,Abnormality of the epiphysis of the middle phalanx of the 4th toe,HP:0008393,Congenital curved nail of fourth toe,0.7802336900383903,0.8155193785054127
400,HP:0008393,Congenital curved nail of fourth toe,HP:0100095,Abnormality of the epiphysis of the middle phalanx of the 4th toe,0.7802336900383903,0.8155193785054127
401,HP:0034624,Spinal cord xanthomatosis,HP:0034627,Bone marrow xanthomatosis,0.7802336900383903,0.8152438474398163
402,HP:0034627,Bone marrow xanthomatosis,HP:0034624,Spinal cord xanthomatosis,0.7802336900383903,0.8152438474398163
403,HP:0007769,Peripheral retinal degeneration,HP:0040078,Axonal degeneration,0.7802336900383903,0.8149464771270003
404,HP:0040078,Axonal degeneration,HP:0007769,Peripheral retinal degeneration,0.7802336900383903,0.8149464771270003
405,HP:0000079,Abnormality of the urinary system,HP:0004297,Abnormality of the biliary system,0.7802336900383903,0.8148493921402723
406,HP:0004297,Abnormality of the biliary system,HP:0000079,Abnormality of the urinary system,0.7802336900383903,0.8148493921402723
407,HP:0008393,Congenital curved nail of fourth toe,HP:0009284,Abnormality of the proximal phalanx of the 4th finger,0.7802336900383903,0.8147974245918044
408,HP:0009284,Abnormality of the proximal phalanx of the 4th finger,HP:0008393,Congenital curved nail of fourth toe,0.7802336900383903,0.8147974245918044
409,HP:0033835,Abnormal renal vascular morphology,HP:0008046,Abnormal retinal vascular morphology,0.7802336900383903,0.8146840543227454
410,HP:0008046,Abnormal retinal vascular morphology,HP:0033835,Abnormal renal vascular morphology,0.7802336900383903,0.8146840543227454
411,HP:0025487,Abnormal bladder morphology,HP:0012437,Abnormal gallbladder morphology,0.7802336900383903,0.814683174128969
412,HP:0012437,Abnormal gallbladder morphology,HP:0025487,Abnormal bladder morphology,0.7802336900383903,0.814683174128969
413,HP:0001607,Subglottic stenosis,HP:0040118,Stenosis of the Eustachian tube,0.7802336900383903,0.8146417628924032
414,HP:0040118,Stenosis of the Eustachian tube,HP:0001607,Subglottic stenosis,0.7802336900383903,0.8146417628924032
415,HP:0040051,Abnormality of upper eyelashes,HP:0040004,Abnormality of corneal shape,0.7802336900383903,0.8145719922265781
416,HP:0040004,Abnormality of corneal shape,HP:0040051,Abnormality of upper eyelashes,0.7802336900383903,0.8145719922265781
417,HP:0012504,Abnormal size of pituitary gland,HP:0012094,Abnormal pancreas size,0.7802336900383903,0.814442833466366
418,HP:0012094,Abnormal pancreas size,HP:0012504,Abnormal size of pituitary gland,0.7802336900383903,0.814442833466366
419,HP:0005918,Abnormal finger phalanx morphology,HP:0001231,Abnormal fingernail morphology,0.7802336900383903,0.8141651992274485
420,HP:0001231,Abnormal fingernail morphology,HP:0005918,Abnormal finger phalanx morphology,0.7802336900383903,0.8141651992274485
421,HP:0011000,Aplasia/Hypoplasia of the optic tract,HP:0007770,Hypoplasia of the retina,0.7802336900383903,0.8138166895844919
422,HP:0007770,Hypoplasia of the retina,HP:0011000,Aplasia/Hypoplasia of the optic tract,0.7802336900383903,0.8138166895844919
423,HP:0007365,Aplasia/Hypoplasia involving the corticospinal tracts,HP:0045060,Aplasia/hypoplasia involving bones of the extremities,0.7802336900383903,0.8137719524299882
424,HP:0045060,Aplasia/hypoplasia involving bones of the extremities,HP:0007365,Aplasia/Hypoplasia involving the corticospinal tracts,0.7802336900383903,0.8137719524299882
425,HP:0001000,Abnormality of skin pigmentation,HP:0100669,Abnormal pigmentation of the oral mucosa,0.7802336900383903,0.8136577465983389
426,HP:0100669,Abnormal pigmentation of the oral mucosa,HP:0001000,Abnormality of skin pigmentation,0.7802336900383903,0.8136577465983389
427,HP:0008398,Hypoplastic fifth fingernail,HP:0006262,Aplasia/Hypoplasia of the 5th finger,0.7802336900383903,0.8136553820611303
428,HP:0006262,Aplasia/Hypoplasia of the 5th finger,HP:0008398,Hypoplastic fifth fingernail,0.7802336900383903,0.8136553820611303
429,HP:0030783,Increased circulating interleukin 6 concentration,HP:0003452,Increased circulating iron concentration,0.7802336900383903,0.813649757697428
430,HP:0003452,Increased circulating iron concentration,HP:0030783,Increased circulating interleukin 6 concentration,0.7802336900383903,0.813649757697428
431,HP:0001045,Vitiligo,HP:0040030,Chorioretinal hypopigmentation,0.7802336900383903,0.8134690467038901
432,HP:0040030,Chorioretinal hypopigmentation,HP:0001045,Vitiligo,0.7802336900383903,0.8134690467038901
433,HP:0008393,Congenital curved nail of fourth toe,HP:0010182,Abnormality of the distal phalanges of the toes,0.7802336900383903,0.8133707350646961
434,HP:0010182,Abnormality of the distal phalanges of the toes,HP:0008393,Congenital curved nail of fourth toe,0.7802336900383903,0.8133707350646961
435,HP:0000133,Gonadal dysgenesis,HP:0008373,Puberty and gonadal disorders,0.7802336900383903,0.8133234496504415
436,HP:0008373,Puberty and gonadal disorders,HP:0000133,Gonadal dysgenesis,0.7802336900383903,0.8133234496504415
437,HP:0008290,Partial complement factor H deficiency,HP:0033299,Reduced circulating complement factor H related protein 1 concentration,0.7802336900383903,0.8130033928533804
438,HP:0033299,Reduced circulating complement factor H related protein 1 concentration,HP:0008290,Partial complement factor H deficiency,0.7802336900383903,0.8130033928533804
439,HP:0010161,Abnormal toe phalanx morphology,HP:0008393,Congenital curved nail of fourth toe,0.7802336900383903,0.8129346423973953
440,HP:0008393,Congenital curved nail of fourth toe,HP:0010161,Abnormal toe phalanx morphology,0.7802336900383903,0.8129346423973953
441,HP:0005356,Decreased circulating complement factor I concentration,HP:0033299,Reduced circulating complement factor H related protein 1 concentration,0.7802336900383903,0.8129013130047857
442,HP:0033299,Reduced circulating complement factor H related protein 1 concentration,HP:0005356,Decreased circulating complement factor I concentration,0.7802336900383903,0.8129013130047857
443,HP:0007730,Iris hypopigmentation,HP:0001022,Albinism,0.7802336900383903,0.8128665926187032
444,HP:0001022,Albinism,HP:0007730,Iris hypopigmentation,0.7802336900383903,0.8128665926187032
445,HP:0200104,Absent fifth fingernail,HP:0011299,Partial absence of finger,0.7802336900383903,0.8127664030930958
446,HP:0011299,Partial absence of finger,HP:0200104,Absent fifth fingernail,0.7802336900383903,0.8127664030930958
447,HP:0033042,Abnormal chorion morphology,HP:0000610,Abnormal choroid morphology,0.7802336900383903,0.8127169951552322
448,HP:0000610,Abnormal choroid morphology,HP:0033042,Abnormal chorion morphology,0.7802336900383903,0.8127169951552322
449,HP:0008639,Gonadal hypoplasia,HP:0008373,Puberty and gonadal disorders,0.7802336900383903,0.8126588099617835
450,HP:0008373,Puberty and gonadal disorders,HP:0008639,Gonadal hypoplasia,0.7802336900383903,0.8126588099617835
451,HP:0005105,Abnormal nasal morphology,HP:0005607,Abnormal tracheobronchial morphology,0.7802336900383903,0.812644773695174
452,HP:0005607,Abnormal tracheobronchial morphology,HP:0005105,Abnormal nasal morphology,0.7802336900383903,0.812644773695174
453,HP:0000924,Abnormality of the skeletal system,HP:0000079,Abnormality of the urinary system,0.7802336900383903,0.8126163026718008
454,HP:0000079,Abnormality of the urinary system,HP:0000924,Abnormality of the skeletal system,0.7802336900383903,0.8126163026718008
455,HP:0034625,Brain xanthomatosis,HP:0034626,Pulmonary xanthomatosis,0.7802336900383903,0.8124135593750881
456,HP:0034626,Pulmonary xanthomatosis,HP:0034625,Brain xanthomatosis,0.7802336900383903,0.8124135593750881
457,HP:0003187,Breast hypoplasia,HP:0008998,Pectoralis hypoplasia,0.7802336900383903,0.8121533109366785
458,HP:0008998,Pectoralis hypoplasia,HP:0003187,Breast hypoplasia,0.7802336900383903,0.8121533109366785
459,HP:0040031,Chorioretinal hyperpigmentation,HP:0007440,Generalized hyperpigmentation,0.7802336900383903,0.8121415550173752
460,HP:0007440,Generalized hyperpigmentation,HP:0040031,Chorioretinal hyperpigmentation,0.7802336900383903,0.8121415550173752
461,HP:0008073,Low maternal circulating estriol concentration,HP:0025137,Decreased serum estriol,0.7303410244568754,0.8120935532660809
462,HP:0025137,Decreased serum estriol,HP:0008073,Low maternal circulating estriol concentration,0.7303410244568754,0.8120935532660809
463,HP:0010789,Abnormality of the Leydig cells,HP:0000849,Adrenocortical abnormality,0.7802336900383903,0.8119331099601952
464,HP:0000849,Adrenocortical abnormality,HP:0010789,Abnormality of the Leydig cells,0.7802336900383903,0.8119331099601952
465,HP:0034590,Abnormal circulating thyroxine-binding globulin concentration,HP:0033076,Abnormal circulating free T4 concentration,0.7802336900383903,0.8118811166330877
466,HP:0033076,Abnormal circulating free T4 concentration,HP:0034590,Abnormal circulating thyroxine-binding globulin concentration,0.7802336900383903,0.8118811166330877
467,HP:0100364,Aplasia of the phalanges of the 5th toe,HP:0011937,Hypoplastic fifth toenail,0.7802336900383903,0.8118613252675186
468,HP:0011937,Hypoplastic fifth toenail,HP:0100364,Aplasia of the phalanges of the 5th toe,0.7802336900383903,0.8118613252675186
469,HP:0009488,Absent epiphyses of the 2nd finger,HP:0033975,Absent second fingernail,0.7802336900383903,0.8117666421751141
470,HP:0033975,Absent second fingernail,HP:0009488,Absent epiphyses of the 2nd finger,0.7802336900383903,0.8117666421751141
471,HP:0012638,Abnormal nervous system physiology,HP:0010978,Abnormality of immune system physiology,0.7802336900383903,0.8117401034252439
472,HP:0010978,Abnormality of immune system physiology,HP:0012638,Abnormal nervous system physiology,0.7802336900383903,0.8117401034252439
473,HP:0002118,Abnormal cerebral ventricle morphology,HP:0001711,Abnormal left ventricle morphology,0.7802336900383903,0.811704702274149
474,HP:0001711,Abnormal left ventricle morphology,HP:0002118,Abnormal cerebral ventricle morphology,0.7802336900383903,0.811704702274149
475,HP:0012813,Unilateral breast hypoplasia,HP:0005036,Unilateral ulnar hypoplasia,0.7802336900383903,0.8116662239987296
476,HP:0005036,Unilateral ulnar hypoplasia,HP:0012813,Unilateral breast hypoplasia,0.7802336900383903,0.8116662239987296
477,HP:0003027,Mesomelia,HP:0008845,Mesomelic short stature,0.7802336900383903,0.8116341211362412
478,HP:0008845,Mesomelic short stature,HP:0003027,Mesomelia,0.7802336900383903,0.8116341211362412
479,HP:0006402,Distal shortening of limbs,HP:0008890,Severe short-limb dwarfism,0.7802336900383903,0.8116048913256688
480,HP:0008890,Severe short-limb dwarfism,HP:0006402,Distal shortening of limbs,0.7802336900383903,0.8116048913256688
481,HP:0001507,Growth abnormality,HP:0001939,Abnormality of metabolism/homeostasis,0.7802336900383903,0.8115711603557206
482,HP:0001939,Abnormality of metabolism/homeostasis,HP:0001507,Growth abnormality,0.7802336900383903,0.8115711603557206
483,HP:0007364,Aplasia/Hypoplasia of the cerebrum,HP:0008515,Aplasia/Hypoplasia of the vertebrae,0.7802336900383903,0.8115536203611277
484,HP:0008515,Aplasia/Hypoplasia of the vertebrae,HP:0007364,Aplasia/Hypoplasia of the cerebrum,0.7802336900383903,0.8115536203611277
485,HP:0034621,Hepatic xanthomatosis,HP:0034624,Spinal cord xanthomatosis,0.7802336900383903,0.8115290788514599
486,HP:0034624,Spinal cord xanthomatosis,HP:0034621,Hepatic xanthomatosis,0.7802336900383903,0.8115290788514599
487,HP:0008398,Hypoplastic fifth fingernail,HP:0009161,Aplasia/Hypoplasia of the middle phalanx of the 5th finger,0.7802336900383903,0.8114551064827658
488,HP:0009161,Aplasia/Hypoplasia of the middle phalanx of the 5th finger,HP:0008398,Hypoplastic fifth fingernail,0.7802336900383903,0.8114551064827658
489,HP:0002558,Supernumerary nipple,HP:0009934,Supernumerary naris,0.7802336900383903,0.8113467554615454
490,HP:0009934,Supernumerary naris,HP:0002558,Supernumerary nipple,0.7802336900383903,0.8113467554615454
491,HP:0009226,Short proximal phalanx of the 5th finger,HP:0008398,Hypoplastic fifth fingernail,0.7802336900383903,0.8112140806975627
492,HP:0008398,Hypoplastic fifth fingernail,HP:0009226,Short proximal phalanx of the 5th finger,0.7802336900383903,0.8112140806975627
493,HP:0040030,Chorioretinal hypopigmentation,HP:0007513,Generalized hypopigmentation,0.7802336900383903,0.8112094814996368
494,HP:0007513,Generalized hypopigmentation,HP:0040030,Chorioretinal hypopigmentation,0.7802336900383903,0.8112094814996368
495,HP:0031755,Abnormal rectus muscle physiology,HP:3000058,Abnormality of inferior rectus extraocular muscle,0.7802336900383903,0.8110833510122434
496,HP:3000058,Abnormality of inferior rectus extraocular muscle,HP:0031755,Abnormal rectus muscle physiology,0.7802336900383903,0.8110833510122434
497,HP:0034624,Spinal cord xanthomatosis,HP:0034622,Adrenal xanthomatosis,0.7802336900383903,0.8110804071546187
498,HP:0034622,Adrenal xanthomatosis,HP:0034624,Spinal cord xanthomatosis,0.7802336900383903,0.8110804071546187
499,HP:0007360,Aplasia/Hypoplasia of the cerebellum,HP:0045060,Aplasia/hypoplasia involving bones of the extremities,0.7802336900383903,0.8107183425324096
500,HP:0045060,Aplasia/hypoplasia involving bones of the extremities,HP:0007360,Aplasia/Hypoplasia of the cerebellum,0.7802336900383903,0.8107183425324096
501,HP:0008193,Primary gonadal insufficiency,HP:0000133,Gonadal dysgenesis,0.7802336900383903,0.810475203860207
502,HP:0000133,Gonadal dysgenesis,HP:0008193,Primary gonadal insufficiency,0.7802336900383903,0.810475203860207
503,HP:0045027,Abnormality of the thoracic cavity,HP:0006644,Thoracic dysplasia,0.7802336900383903,0.8103724004366375
504,HP:0006644,Thoracic dysplasia,HP:0045027,Abnormality of the thoracic cavity,0.7802336900383903,0.8103724004366375
505,HP:0007280,Acute infantile spinal muscular atrophy,HP:0007354,Amyotrophic lateral sclerosis,0.7802336900383903,0.810304306861423
506,HP:0007354,Amyotrophic lateral sclerosis,HP:0007280,Acute infantile spinal muscular atrophy,0.7802336900383903,0.810304306861423
507,HP:0010577,Absent epiphyses,HP:0200111,Absent stapes head,0.7802336900383903,0.8102127480455442
508,HP:0200111,Absent stapes head,HP:0010577,Absent epiphyses,0.7802336900383903,0.8102127480455442
509,HP:0008362,Aplasia/Hypoplasia of the hallux,HP:0012555,Absent nail of hallux,0.7802336900383903,0.8102093668815441
510,HP:0012555,Absent nail of hallux,HP:0008362,Aplasia/Hypoplasia of the hallux,0.7802336900383903,0.8102093668815441
511,HP:0005990,Thyroid hypoplasia,HP:0008724,Hypoplasia of the ovary,0.7802336900383903,0.8101801409711503
512,HP:0008724,Hypoplasia of the ovary,HP:0005990,Thyroid hypoplasia,0.7802336900383903,0.8101801409711503
513,HP:0031815,Abnormal oral physiology,HP:0033152,Abnormal pharynx physiology,0.7802336900383903,0.809943614704057
514,HP:0033152,Abnormal pharynx physiology,HP:0031815,Abnormal oral physiology,0.7802336900383903,0.809943614704057
515,HP:0000598,Abnormality of the ear,HP:0000769,Abnormality of the breast,0.7802336900383903,0.8098019438712774
516,HP:0000769,Abnormality of the breast,HP:0000598,Abnormality of the ear,0.7802336900383903,0.8098019438712774
517,HP:0008845,Mesomelic short stature,HP:0005011,Mesomelic arm shortening,0.7802336900383903,0.8095949321497885
518,HP:0005011,Mesomelic arm shortening,HP:0008845,Mesomelic short stature,0.7802336900383903,0.8095949321497885
519,HP:0032640,Elevated circulating CCL18 level,HP:0034447,Increased circulating interleukin 18 concentration,0.7802336900383903,0.8095173094901598
520,HP:0034447,Increased circulating interleukin 18 concentration,HP:0032640,Elevated circulating CCL18 level,0.7802336900383903,0.8095173094901598
521,HP:0040064,Abnormality of limbs,HP:0045027,Abnormality of the thoracic cavity,0.7802336900383903,0.8094646932773151
522,HP:0045027,Abnormality of the thoracic cavity,HP:0040064,Abnormality of limbs,0.7802336900383903,0.8094646932773151
523,HP:0008393,Congenital curved nail of fourth toe,HP:0010321,Abnormal fourth toe morphology,0.7802336900383903,0.809402844879704
524,HP:0010321,Abnormal fourth toe morphology,HP:0008393,Congenital curved nail of fourth toe,0.7802336900383903,0.809402844879704
525,HP:0034532,Increased myocardial glycogen content,HP:0009051,Increased muscle glycogen content,0.7802336900383903,0.8093189212176439
526,HP:0009051,Increased muscle glycogen content,HP:0034532,Increased myocardial glycogen content,0.7802336900383903,0.8093189212176439
527,HP:0034624,Spinal cord xanthomatosis,HP:0034628,Lymph node xanthomatosis,0.7802336900383903,0.8092357536741643
528,HP:0034628,Lymph node xanthomatosis,HP:0034624,Spinal cord xanthomatosis,0.7802336900383903,0.8092357536741643
529,HP:0004296,Abnormal gastrointestinal vascular morphology,HP:0025568,Abnormal morphology of the choroidal vasculature,0.7802336900383903,0.8092095628112999
530,HP:0025568,Abnormal morphology of the choroidal vasculature,HP:0004296,Abnormal gastrointestinal vascular morphology,0.7802336900383903,0.8092095628112999
531,HP:0034184,Increased insulin like growth factor binding protein acid labile subunit concentration,HP:0030269,Increased circulating insulin-like growth factor 1 concentration,0.7802336900383903,0.8090880500214728
532,HP:0030269,Increased circulating insulin-like growth factor 1 concentration,HP:0034184,Increased insulin like growth factor binding protein acid labile subunit concentration,0.7802336900383903,0.8090880500214728
533,HP:0010311,Aplasia/Hypoplasia of the breasts,HP:0010462,Aplasia/Hypoplasia of the ovary,0.7802336900383903,0.8089304353289188
534,HP:0010462,Aplasia/Hypoplasia of the ovary,HP:0010311,Aplasia/Hypoplasia of the breasts,0.7802336900383903,0.8089304353289188
535,HP:0009283,Abnormality of the middle phalanx of the 4th finger,HP:0008393,Congenital curved nail of fourth toe,0.7802336900383903,0.8087480365861339
536,HP:0008393,Congenital curved nail of fourth toe,HP:0009283,Abnormality of the middle phalanx of the 4th finger,0.7802336900383903,0.8087480365861339
537,HP:0005193,Restricted large joint movement,HP:0000466,Limited neck range of motion,0.7802336900383903,0.8086832985532068
538,HP:0000466,Limited neck range of motion,HP:0005193,Restricted large joint movement,0.7802336900383903,0.8086832985532068
539,HP:0010293,Aplasia/Hypoplasia of the uvula,HP:0009555,Hypoplasia of the pharynx,0.7802336900383903,0.8085204085790566
540,HP:0009555,Hypoplasia of the pharynx,HP:0010293,Aplasia/Hypoplasia of the uvula,0.7802336900383903,0.8085204085790566
541,HP:0034453,Hypoplastic umbilicus,HP:0032464,Ureteral hypoplasia,0.7802336900383903,0.8085040888825228
542,HP:0032464,Ureteral hypoplasia,HP:0034453,Hypoplastic umbilicus,0.7802336900383903,0.8085040888825228
543,HP:0008909,Lethal short-limbed short stature,HP:0005766,Disproportionate shortening of the tibia,0.7802336900383903,0.8083925631832384
544,HP:0005766,Disproportionate shortening of the tibia,HP:0008909,Lethal short-limbed short stature,0.7802336900383903,0.8083925631832384
545,HP:0031257,Arteriovenous malformation of the maxilla,HP:0031256,Optic nerve arteriovenous malformation,0.7802336900383903,0.8082773080644209
546,HP:0031256,Optic nerve arteriovenous malformation,HP:0031257,Arteriovenous malformation of the maxilla,0.7802336900383903,0.8082773080644209
547,HP:0009524,Absent epiphysis of the proximal phalanx of the 2nd finger,HP:0033975,Absent second fingernail,0.7802336900383903,0.8081985065266025
548,HP:0033975,Absent second fingernail,HP:0009524,Absent epiphysis of the proximal phalanx of the 2nd finger,0.7802336900383903,0.8081985065266025
549,HP:0007354,Amyotrophic lateral sclerosis,HP:0009037,Segmental spinal muscular atrophy,0.7802336900383903,0.8081906484911042
550,HP:0009037,Segmental spinal muscular atrophy,HP:0007354,Amyotrophic lateral sclerosis,0.7802336900383903,0.8081906484911042
551,HP:0008518,Aplasia/Hypoplasia involving the vertebral column,HP:0007365,Aplasia/Hypoplasia involving the corticospinal tracts,0.7802336900383903,0.8080514572896084
552,HP:0007365,Aplasia/Hypoplasia involving the corticospinal tracts,HP:0008518,Aplasia/Hypoplasia involving the vertebral column,0.7802336900383903,0.8080514572896084
553,HP:0006574,Hepatic arteriovenous malformation,HP:0031939,Conus terminalis arteriovenous malformation,0.7802336900383903,0.8080309345847534
554,HP:0031939,Conus terminalis arteriovenous malformation,HP:0006574,Hepatic arteriovenous malformation,0.7802336900383903,0.8080309345847534
555,HP:0010315,Aplasia/Hypoplasia of the diaphragm,HP:0010515,Aplasia/Hypoplasia of the thymus,0.7802336900383903,0.8080252883023038
556,HP:0010515,Aplasia/Hypoplasia of the thymus,HP:0010315,Aplasia/Hypoplasia of the diaphragm,0.7802336900383903,0.8080252883023038
557,HP:0006265,Aplasia/Hypoplasia of fingers,HP:0001804,Hypoplastic fingernail,0.7802336900383903,0.8080227528694842
558,HP:0001804,Hypoplastic fingernail,HP:0006265,Aplasia/Hypoplasia of fingers,0.7802336900383903,0.8080227528694842
559,HP:0033353,Abnormal blood vessel morphology,HP:0025006,Abnormal glomerular capillary morphology,0.7802336900383903,0.8079785966583735
560,HP:0025006,Abnormal glomerular capillary morphology,HP:0033353,Abnormal blood vessel morphology,0.7802336900383903,0.8079785966583735
561,HP:0010451,Aplasia/Hypoplasia of the spleen,HP:0033079,Aplasia/Hypoplasia of the thyroid gland,0.7802336900383903,0.8079056390721528
562,HP:0033079,Aplasia/Hypoplasia of the thyroid gland,HP:0010451,Aplasia/Hypoplasia of the spleen,0.7802336900383903,0.8079056390721528
563,HP:0011391,Abnormal inner ear nerve morphology,HP:0001138,Optic neuropathy,0.7802336900383903,0.8078809037952353
564,HP:0001138,Optic neuropathy,HP:0011391,Abnormal inner ear nerve morphology,0.7802336900383903,0.8078809037952353
565,HP:0040107,Abnormal posterior semicircular canal morphology,HP:0004329,Abnormal posterior eye segment morphology,0.7802336900383903,0.807796987011969
566,HP:0004329,Abnormal posterior eye segment morphology,HP:0040107,Abnormal posterior semicircular canal morphology,0.7802336900383903,0.807796987011969
567,HP:0031065,Abnormal ovarian morphology,HP:0001549,Abnormal ileum morphology,0.7802336900383903,0.807769858522516
568,HP:0001549,Abnormal ileum morphology,HP:0031065,Abnormal ovarian morphology,0.7802336900383903,0.807769858522516
569,HP:3000056,Abnormality of artery of lower lip,HP:0000159,Abnormal lip morphology,0.7802336900383903,0.8077282319958349
570,HP:0000159,Abnormal lip morphology,HP:3000056,Abnormality of artery of lower lip,0.7802336900383903,0.8077282319958349
571,HP:0007650,Progressive ophthalmoplegia,HP:0007133,Progressive peripheral neuropathy,0.7802336900383903,0.8076544884604331
572,HP:0007133,Progressive peripheral neuropathy,HP:0007650,Progressive ophthalmoplegia,0.7802336900383903,0.8076544884604331
573,HP:0005986,Limitation of neck motion,HP:0004637,Decreased cervical spine mobility,0.7802336900383903,0.8075766461850681
574,HP:0004637,Decreased cervical spine mobility,HP:0005986,Limitation of neck motion,0.7802336900383903,0.8075766461850681
575,HP:0007680,Depigmented fundus,HP:0007513,Generalized hypopigmentation,0.7802336900383903,0.8073673882875755
576,HP:0007513,Generalized hypopigmentation,HP:0007680,Depigmented fundus,0.7802336900383903,0.8073673882875755
577,HP:0025668,Abnormal neck morphology,HP:0025423,Abnormal larynx morphology,0.7802336900383903,0.8073145422913286
578,HP:0025423,Abnormal larynx morphology,HP:0025668,Abnormal neck morphology,0.7802336900383903,0.8073145422913286
579,HP:0011391,Abnormal inner ear nerve morphology,HP:0005105,Abnormal nasal morphology,0.7802336900383903,0.8072067617770343
580,HP:0005105,Abnormal nasal morphology,HP:0011391,Abnormal inner ear nerve morphology,0.7802336900383903,0.8072067617770343
581,HP:0001595,Abnormal hair morphology,HP:0001965,Abnormal scalp morphology,0.7802336900383903,0.8070349193965838
582,HP:0001965,Abnormal scalp morphology,HP:0001595,Abnormal hair morphology,0.7802336900383903,0.8070349193965838
583,HP:0040044,Hypoplasia of the diaphragm,HP:0006703,Aplasia/Hypoplasia of the lungs,0.7802336900383903,0.8069950182541069
584,HP:0006703,Aplasia/Hypoplasia of the lungs,HP:0040044,Hypoplasia of the diaphragm,0.7802336900383903,0.8069950182541069
585,HP:0000066,Labial hypoplasia,HP:0006709,Aplasia/Hypoplasia of the nipples,0.7802336900383903,0.8068795616113283
586,HP:0006709,Aplasia/Hypoplasia of the nipples,HP:0000066,Labial hypoplasia,0.7802336900383903,0.8068795616113283
587,HP:0040030,Chorioretinal hypopigmentation,HP:0007427,Reticulated skin pigmentation,0.7802336900383903,0.8067238747449151
588,HP:0007427,Reticulated skin pigmentation,HP:0040030,Chorioretinal hypopigmentation,0.7802336900383903,0.8067238747449151
589,HP:0100691,Abnormality of the curvature of the cornea,HP:0031065,Abnormal ovarian morphology,0.7802336900383903,0.8064949054539745
590,HP:0031065,Abnormal ovarian morphology,HP:0100691,Abnormality of the curvature of the cornea,0.7802336900383903,0.8064949054539745
591,HP:0010978,Abnormality of immune system physiology,HP:0012332,Abnormal autonomic nervous system physiology,0.7802336900383903,0.8064563157480628
592,HP:0012332,Abnormal autonomic nervous system physiology,HP:0010978,Abnormality of immune system physiology,0.7802336900383903,0.8064563157480628
593,HP:0031640,Abnormal radial artery morphology,HP:0033884,Abnormal cortical radial artery lumen morphology,0.7802336900383903,0.8064487482106356
594,HP:0033884,Abnormal cortical radial artery lumen morphology,HP:0031640,Abnormal radial artery morphology,0.7802336900383903,0.8064487482106356
595,HP:0007973,Retinal dysplasia,HP:0000110,Renal dysplasia,0.7802336900383903,0.8064030268238961
596,HP:0000110,Renal dysplasia,HP:0007973,Retinal dysplasia,0.7802336900383903,0.8064030268238961
597,HP:0006291,Marked delay in eruption of permanent teeth,HP:0003799,Marked delay in bone age,0.7802336900383903,0.8063845967204675
598,HP:0003799,Marked delay in bone age,HP:0006291,Marked delay in eruption of permanent teeth,0.7802336900383903,0.8063845967204675
599,HP:0030964,Abnormal aortic physiology,HP:0002795,Abnormal respiratory system physiology,0.7802336900383903,0.8063617778976376
600,HP:0002795,Abnormal respiratory system physiology,HP:0030964,Abnormal aortic physiology,0.7802336900383903,0.8063617778976376
601,HP:0034482,Abnormal spinal cord physiology,HP:0003808,Abnormal muscle tone,0.7802336900383903,0.8061875051915791
602,HP:0003808,Abnormal muscle tone,HP:0034482,Abnormal spinal cord physiology,0.7802336900383903,0.8061875051915791
603,HP:0009513,Absent epiphysis of the middle phalanx of the 2nd finger,HP:0033975,Absent second fingernail,0.7802336900383903,0.8061187705259145
604,HP:0033975,Absent second fingernail,HP:0009513,Absent epiphysis of the middle phalanx of the 2nd finger,0.7802336900383903,0.8061187705259145
605,HP:0100026,Arteriovenous malformation,HP:0031255,Hypothalamic arteriovenous malformation,0.7802336900383903,0.8061019971489627
606,HP:0031255,Hypothalamic arteriovenous malformation,HP:0100026,Arteriovenous malformation,0.7802336900383903,0.8061019971489627
607,HP:0003187,Breast hypoplasia,HP:0000013,Hypoplasia of the uterus,0.7802336900383903,0.8058640630155324
608,HP:0000013,Hypoplasia of the uterus,HP:0003187,Breast hypoplasia,0.7802336900383903,0.8058640630155324
609,HP:0007406,Hyperpigmentation of eyelids,HP:0040031,Chorioretinal hyperpigmentation,0.7802336900383903,0.8058217400452494
610,HP:0040031,Chorioretinal hyperpigmentation,HP:0007406,Hyperpigmentation of eyelids,0.7802336900383903,0.8058217400452494
611,HP:0007658,Large hyperpigmented retinal spots,HP:0005585,Spotty hyperpigmentation,0.7802336900383903,0.8056596581115765
612,HP:0005585,Spotty hyperpigmentation,HP:0007658,Large hyperpigmented retinal spots,0.7802336900383903,0.8056596581115765
613,HP:0001991,Aplasia/Hypoplasia of toe,HP:0008386,Aplasia/Hypoplasia of the nails,0.7802336900383903,0.8055754265669562
614,HP:0008386,Aplasia/Hypoplasia of the nails,HP:0001991,Aplasia/Hypoplasia of toe,0.7802336900383903,0.8055754265669562
615,HP:0009778,Short thumb,HP:0012553,Hypoplastic thumbnail,0.7802336900383903,0.8054644739959855
616,HP:0012553,Hypoplastic thumbnail,HP:0009778,Short thumb,0.7802336900383903,0.8054644739959855
617,HP:0040052,Abnormality of lower eyelashes,HP:0040004,Abnormality of corneal shape,0.7802336900383903,0.8054628257161206
618,HP:0040004,Abnormality of corneal shape,HP:0040052,Abnormality of lower eyelashes,0.7802336900383903,0.8054628257161206
619,HP:0045027,Abnormality of the thoracic cavity,HP:0100625,Enlarged thorax,0.7802336900383903,0.805383744394522
620,HP:0100625,Enlarged thorax,HP:0045027,Abnormality of the thoracic cavity,0.7802336900383903,0.805383744394522
621,HP:0001627,Abnormal heart morphology,HP:0002088,Abnormal lung morphology,0.7802336900383903,0.8053126281566869
622,HP:0002088,Abnormal lung morphology,HP:0001627,Abnormal heart morphology,0.7802336900383903,0.8053126281566869
623,HP:0008393,Congenital curved nail of fourth toe,HP:0010183,Abnormality of the middle phalanges of the toes,0.7802336900383903,0.805284948207807
624,HP:0010183,Abnormality of the middle phalanges of the toes,HP:0008393,Congenital curved nail of fourth toe,0.7802336900383903,0.805284948207807
625,HP:0002715,Abnormality of the immune system,HP:0001871,Abnormality of blood and blood-forming tissues,0.7802336900383903,0.8052505444060268
626,HP:0001871,Abnormality of blood and blood-forming tissues,HP:0002715,Abnormality of the immune system,0.7802336900383903,0.8052505444060268
627,HP:3000055,Abnormality of inferior alveolar nerve,HP:3000054,Abnormal inferior alveolar artery morphology,0.7802336900383903,0.8052116400320456
628,HP:3000054,Abnormal inferior alveolar artery morphology,HP:3000055,Abnormality of inferior alveolar nerve,0.7802336900383903,0.8052116400320456
629,HP:0000890,Long clavicles,HP:0000472,Long neck,0.7802336900383903,0.8051840239707113
630,HP:0000472,Long neck,HP:0000890,Long clavicles,0.7802336900383903,0.8051840239707113
631,HP:0003366,Abnormal femoral neck/head morphology,HP:0034245,Fetal head anomaly,0.7802336900383903,0.8051258521823228
632,HP:0034245,Fetal head anomaly,HP:0003366,Abnormal femoral neck/head morphology,0.7802336900383903,0.8051258521823228
633,HP:0025031,Abnormality of the digestive system,HP:0040064,Abnormality of limbs,0.7802336900383903,0.8048640452360224
634,HP:0040064,Abnormality of limbs,HP:0025031,Abnormality of the digestive system,0.7802336900383903,0.8048640452360224
635,HP:0008056,Aplasia/Hypoplasia affecting the eye,HP:0011226,Aplasia/Hypoplasia of the eyelid,0.7802336900383903,0.8046438613399787
636,HP:0011226,Aplasia/Hypoplasia of the eyelid,HP:0008056,Aplasia/Hypoplasia affecting the eye,0.7802336900383903,0.8046438613399787
637,HP:0012094,Abnormal pancreas size,HP:0012767,Abnormal placental size,0.7802336900383903,0.8046016430310237
638,HP:0012767,Abnormal placental size,HP:0012094,Abnormal pancreas size,0.7802336900383903,0.8046016430310237
639,HP:0004150,Abnormal 3rd finger morphology,HP:0001231,Abnormal fingernail morphology,0.7802336900383903,0.804514603186592
640,HP:0001231,Abnormal fingernail morphology,HP:0004150,Abnormal 3rd finger morphology,0.7802336900383903,0.804514603186592
641,HP:0007779,Anterior segment of eye aplasia,HP:0007096,Hypoplasia of the optic tract,0.7802336900383903,0.8044914395572303
642,HP:0007096,Hypoplasia of the optic tract,HP:0007779,Anterior segment of eye aplasia,0.7802336900383903,0.8044914395572303
643,HP:0031072,Abnormal endocrine physiology,HP:0012091,Abnormality of pancreas physiology,0.7802336900383903,0.8044372940756565
644,HP:0012091,Abnormality of pancreas physiology,HP:0031072,Abnormal endocrine physiology,0.7802336900383903,0.8044372940756565
645,HP:0031065,Abnormal ovarian morphology,HP:0025015,Abnormal vascular morphology,0.7802336900383903,0.804392181611149
646,HP:0025015,Abnormal vascular morphology,HP:0031065,Abnormal ovarian morphology,0.7802336900383903,0.804392181611149
647,HP:0200085,Limb tremor,HP:0002509,Limb hypertonia,0.7802336900383903,0.8043471032801296
648,HP:0002509,Limb hypertonia,HP:0200085,Limb tremor,0.7802336900383903,0.8043471032801296
649,HP:0001627,Abnormal heart morphology,HP:0031093,Abnormal breast morphology,0.7802336900383903,0.8043252948522149
650,HP:0031093,Abnormal breast morphology,HP:0001627,Abnormal heart morphology,0.7802336900383903,0.8043252948522149
651,HP:0011277,Abnormality of the urinary system physiology,HP:0034482,Abnormal spinal cord physiology,0.7802336900383903,0.804208009416954
652,HP:0034482,Abnormal spinal cord physiology,HP:0011277,Abnormality of the urinary system physiology,0.7802336900383903,0.804208009416954
653,HP:0000591,Abnormal sclera morphology,HP:0000492,Abnormal eyelid morphology,0.7802336900383903,0.804007796310658
654,HP:0000492,Abnormal eyelid morphology,HP:0000591,Abnormal sclera morphology,0.7802336900383903,0.804007796310658
655,HP:0040109,Abnormal utricle morphology,HP:0031065,Abnormal ovarian morphology,0.7802336900383903,0.8038701960388916
656,HP:0031065,Abnormal ovarian morphology,HP:0040109,Abnormal utricle morphology,0.7802336900383903,0.8038701960388916
657,HP:0002509,Limb hypertonia,HP:0002395,Lower limb hyperreflexia,0.7802336900383903,0.8038663176912152
658,HP:0002395,Lower limb hyperreflexia,HP:0002509,Limb hypertonia,0.7802336900383903,0.8038663176912152
659,HP:0008393,Congenital curved nail of fourth toe,HP:0004188,Abnormal 4th finger morphology,0.7802336900383903,0.8038599809930226
660,HP:0004188,Abnormal 4th finger morphology,HP:0008393,Congenital curved nail of fourth toe,0.7802336900383903,0.8038599809930226
661,HP:0040045,Abnormal hemidiaphragm morphology,HP:0012090,Abnormal pancreas morphology,0.7802336900383903,0.803751013258338
662,HP:0012090,Abnormal pancreas morphology,HP:0040045,Abnormal hemidiaphragm morphology,0.7802336900383903,0.803751013258338
663,HP:0002795,Abnormal respiratory system physiology,HP:0030012,Abnormal female reproductive system physiology,0.7802336900383903,0.8036589536210031
664,HP:0030012,Abnormal female reproductive system physiology,HP:0002795,Abnormal respiratory system physiology,0.7802336900383903,0.8036589536210031
665,HP:0410312,Hypersegmentation of neutrophil nuclei in CSF,HP:0011447,Hyposegmentation of neutrophil nuclei,0.7802336900383903,0.8035283605895917
666,HP:0011447,Hyposegmentation of neutrophil nuclei,HP:0410312,Hypersegmentation of neutrophil nuclei in CSF,0.7802336900383903,0.8035283605895917
667,HP:0002509,Limb hypertonia,HP:0045084,Limb myoclonus,0.7802336900383903,0.8034798490535604
668,HP:0045084,Limb myoclonus,HP:0002509,Limb hypertonia,0.7802336900383903,0.8034798490535604
669,HP:0011299,Partial absence of finger,HP:0033975,Absent second fingernail,0.7802336900383903,0.8034349294928742
670,HP:0033975,Absent second fingernail,HP:0011299,Partial absence of finger,0.7802336900383903,0.8034349294928742
671,HP:0008890,Severe short-limb dwarfism,HP:0005766,Disproportionate shortening of the tibia,0.7802336900383903,0.803410955641152
672,HP:0005766,Disproportionate shortening of the tibia,HP:0008890,Severe short-limb dwarfism,0.7802336900383903,0.803410955641152
673,HP:0200083,Severe limb shortening,HP:0008909,Lethal short-limbed short stature,0.7802336900383903,0.8034003702556783
674,HP:0008909,Lethal short-limbed short stature,HP:0200083,Severe limb shortening,0.7802336900383903,0.8034003702556783
675,HP:0005632,Absent forearm,HP:0010577,Absent epiphyses,0.7802336900383903,0.8033685671466537
676,HP:0010577,Absent epiphyses,HP:0005632,Absent forearm,0.7802336900383903,0.8033685671466537
677,HP:3000058,Abnormality of inferior rectus extraocular muscle,HP:0031739,Abnormal oblique muscle physiology,0.7802336900383903,0.8032543330616433
678,HP:0031739,Abnormal oblique muscle physiology,HP:3000058,Abnormality of inferior rectus extraocular muscle,0.7802336900383903,0.8032543330616433
679,HP:0006644,Thoracic dysplasia,HP:0006533,Bronchodysplasia,0.7802336900383903,0.8032414970379981
680,HP:0006533,Bronchodysplasia,HP:0006644,Thoracic dysplasia,0.7802336900383903,0.8032414970379981
681,HP:0011391,Abnormal inner ear nerve morphology,HP:0040057,Abnormal nasal hair morphology,0.7802336900383903,0.8031993730520325
682,HP:0040057,Abnormal nasal hair morphology,HP:0011391,Abnormal inner ear nerve morphology,0.7802336900383903,0.8031993730520325
683,HP:0033078,Decreased circulating free T4 concentration,HP:0034591,Decreased circulating thyroxine-binding globulin concentration,0.7802336900383903,0.8031533113044347
684,HP:0034591,Decreased circulating thyroxine-binding globulin concentration,HP:0033078,Decreased circulating free T4 concentration,0.7802336900383903,0.8031533113044347
685,HP:0008049,Abnormality of the extraocular muscles,HP:0031739,Abnormal oblique muscle physiology,0.7802336900383903,0.8031355827824503
686,HP:0031739,Abnormal oblique muscle physiology,HP:0008049,Abnormality of the extraocular muscles,0.7802336900383903,0.8031355827824503
687,HP:0033079,Aplasia/Hypoplasia of the thyroid gland,HP:0011466,Aplasia/Hypoplasia of the gallbladder,0.7802336900383903,0.8029741972566956
688,HP:0011466,Aplasia/Hypoplasia of the gallbladder,HP:0033079,Aplasia/Hypoplasia of the thyroid gland,0.7802336900383903,0.8029741972566956
689,HP:0008839,Hypoplastic pelvis,HP:0000013,Hypoplasia of the uterus,0.7802336900383903,0.8028892304892773
690,HP:0000013,Hypoplasia of the uterus,HP:0008839,Hypoplastic pelvis,0.7802336900383903,0.8028892304892773
691,HP:0033079,Aplasia/Hypoplasia of the thyroid gland,HP:0034181,Aplasia/Hypoplasia of the liver,0.7802336900383903,0.8028231206758224
692,HP:0034181,Aplasia/Hypoplasia of the liver,HP:0033079,Aplasia/Hypoplasia of the thyroid gland,0.7802336900383903,0.8028231206758224
693,HP:0005857,Cervical spina bifida,HP:0008434,Hypoplastic cervical vertebrae,0.7802336900383903,0.8027729412929702
694,HP:0008434,Hypoplastic cervical vertebrae,HP:0005857,Cervical spina bifida,0.7802336900383903,0.8027729412929702
695,HP:0007365,Aplasia/Hypoplasia involving the corticospinal tracts,HP:0009116,Aplasia/Hypoplasia involving bones of the skull,0.7802336900383903,0.8027334662170597
696,HP:0009116,Aplasia/Hypoplasia involving bones of the skull,HP:0007365,Aplasia/Hypoplasia involving the corticospinal tracts,0.7802336900383903,0.8027334662170597
697,HP:0031065,Abnormal ovarian morphology,HP:0003366,Abnormal femoral neck/head morphology,0.7802336900383903,0.8026537582777242
698,HP:0003366,Abnormal femoral neck/head morphology,HP:0031065,Abnormal ovarian morphology,0.7802336900383903,0.8026537582777242
699,HP:0011495,Abnormal corneal epithelium morphology,HP:0011124,Abnormal epidermal morphology,0.7802336900383903,0.8024375387629777
700,HP:0011124,Abnormal epidermal morphology,HP:0011495,Abnormal corneal epithelium morphology,0.7802336900383903,0.8024375387629777
701,HP:0031093,Abnormal breast morphology,HP:0025461,Abnormal cell morphology,0.7802336900383903,0.8024191315005249
702,HP:0025461,Abnormal cell morphology,HP:0031093,Abnormal breast morphology,0.7802336900383903,0.8024191315005249
703,HP:0032387,Reduced circulating transferrin concentration,HP:0034174,Reduced circulating interleukin 27 concentration,0.7802336900383903,0.8022778650755608
704,HP:0034174,Reduced circulating interleukin 27 concentration,HP:0032387,Reduced circulating transferrin concentration,0.7802336900383903,0.8022778650755608
705,HP:0008388,Abnormal toenail morphology,HP:0010184,Abnormality of toe proximal phalanx,0.7802336900383903,0.8021011540018048
706,HP:0010184,Abnormality of toe proximal phalanx,HP:0008388,Abnormal toenail morphology,0.7802336900383903,0.8021011540018048
707,HP:0011405,Childhood onset short-limb short stature,HP:0005766,Disproportionate shortening of the tibia,0.7802336900383903,0.8020838475033112
708,HP:0005766,Disproportionate shortening of the tibia,HP:0011405,Childhood onset short-limb short stature,0.7802336900383903,0.8020838475033112
709,HP:0004451,Postauricular skin tag,HP:0030021,Auricular tag,0.7802336900383903,0.8020365365594154
710,HP:0030021,Auricular tag,HP:0004451,Postauricular skin tag,0.7802336900383903,0.8020365365594154
711,HP:0040064,Abnormality of limbs,HP:0001939,Abnormality of metabolism/homeostasis,0.7802336900383903,0.8019416213066578
712,HP:0001939,Abnormality of metabolism/homeostasis,HP:0040064,Abnormality of limbs,0.7802336900383903,0.8019416213066578
713,HP:0010999,Aplasia of the optic tract,HP:0012521,Optic nerve aplasia,0.7802336900383903,0.8018029551885804
714,HP:0012521,Optic nerve aplasia,HP:0010999,Aplasia of the optic tract,0.7802336900383903,0.8018029551885804
715,HP:0009709,Increased CSF interferon alpha,HP:0034513,Increased circulating Interferon-alpha concentration,0.7802336900383903,0.8017024287283389
716,HP:0034513,Increased circulating Interferon-alpha concentration,HP:0009709,Increased CSF interferon alpha,0.7802336900383903,0.8017024287283389
717,HP:0006713,Aplasia/Hypoplasia of the scapulae,HP:0006709,Aplasia/Hypoplasia of the nipples,0.7802336900383903,0.8016555156345974
718,HP:0006709,Aplasia/Hypoplasia of the nipples,HP:0006713,Aplasia/Hypoplasia of the scapulae,0.7802336900383903,0.8016555156345974
719,HP:0010392,Abnormality of the distal phalanx of the 5th toe,HP:0008393,Congenital curved nail of fourth toe,0.7802336900383903,0.8016167229158451
720,HP:0008393,Congenital curved nail of fourth toe,HP:0010392,Abnormality of the distal phalanx of the 5th toe,0.7802336900383903,0.8016167229158451
721,HP:0006709,Aplasia/Hypoplasia of the nipples,HP:0006714,Aplasia/Hypoplasia of the sternum,0.7802336900383903,0.8016069194049686
722,HP:0006714,Aplasia/Hypoplasia of the sternum,HP:0006709,Aplasia/Hypoplasia of the nipples,0.7802336900383903,0.8016069194049686
723,HP:0007427,Reticulated skin pigmentation,HP:0040031,Chorioretinal hyperpigmentation,0.7802336900383903,0.8015436765605426
724,HP:0040031,Chorioretinal hyperpigmentation,HP:0007427,Reticulated skin pigmentation,0.7802336900383903,0.8015436765605426
725,HP:0030353,Decreased serum insulin-like growth factor 1,HP:0045046,Reduced insulin like growth factor binding protein acid labile subunit concentration,0.7802336900383903,0.8013829398580731
726,HP:0045046,Reduced insulin like growth factor binding protein acid labile subunit concentration,HP:0030353,Decreased serum insulin-like growth factor 1,0.7802336900383903,0.8013829398580731
727,HP:0009835,Aplasia/Hypoplasia of the distal phalanges of the hand,HP:0010624,Aplastic/hypoplastic toenail,0.7802336900383903,0.8013410543372342
728,HP:0010624,Aplastic/hypoplastic toenail,HP:0009835,Aplasia/Hypoplasia of the distal phalanges of the hand,0.7802336900383903,0.8013410543372342
729,HP:0100377,Aplasia/hypoplasia of the proximal phalanx of the 5th toe,HP:0011937,Hypoplastic fifth toenail,0.7802336900383903,0.8010086438398951
730,HP:0011937,Hypoplastic fifth toenail,HP:0100377,Aplasia/hypoplasia of the proximal phalanx of the 5th toe,0.7802336900383903,0.8010086438398951
731,HP:0025424,Abnormal larynx physiology,HP:0031704,Abnormal ear physiology,0.7802336900383903,0.800907194814202
732,HP:0031704,Abnormal ear physiology,HP:0025424,Abnormal larynx physiology,0.7802336900383903,0.800907194814202
733,HP:0010451,Aplasia/Hypoplasia of the spleen,HP:0010315,Aplasia/Hypoplasia of the diaphragm,0.7802336900383903,0.8009039045823054
734,HP:0010315,Aplasia/Hypoplasia of the diaphragm,HP:0010451,Aplasia/Hypoplasia of the spleen,0.7802336900383903,0.8009039045823054
735,HP:0008515,Aplasia/Hypoplasia of the vertebrae,HP:0007362,Aplasia/Hypoplasia of the brainstem,0.7802336900383903,0.8008574399442094
736,HP:0007362,Aplasia/Hypoplasia of the brainstem,HP:0008515,Aplasia/Hypoplasia of the vertebrae,0.7802336900383903,0.8008574399442094
737,HP:0001507,Growth abnormality,HP:0040170,Abnormality of hair growth,0.7802336900383903,0.8008314512328755
738,HP:0040170,Abnormality of hair growth,HP:0001507,Growth abnormality,0.7802336900383903,0.8008314512328755
739,HP:0033300,Increased circulating complement factor H related protein 1 concentration,HP:0005369,Decreased circulating complement factor H concentration,0.7802336900383903,0.8007379143434408
740,HP:0005369,Decreased circulating complement factor H concentration,HP:0033300,Increased circulating complement factor H related protein 1 concentration,0.7802336900383903,0.8007379143434408
741,HP:0100314,Cerebral inclusion bodies,HP:0031334,Cardiomyocyte inclusion bodies,0.7802336900383903,0.8006262440263171
742,HP:0031334,Cardiomyocyte inclusion bodies,HP:0100314,Cerebral inclusion bodies,0.7802336900383903,0.8006262440263171
743,HP:0010324,Abnormal morphology of phalanx of the 2nd toe,HP:0008388,Abnormal toenail morphology,0.7802336900383903,0.8006097993653768
744,HP:0008388,Abnormal toenail morphology,HP:0010324,Abnormal morphology of phalanx of the 2nd toe,0.7802336900383903,0.8006097993653768
745,HP:0200105,Absent fifth toenail,HP:0100202,Absent epiphysis of the distal phalanx of the 5th toe,0.7802336900383903,0.800496542263093
746,HP:0100202,Absent epiphysis of the distal phalanx of the 5th toe,HP:0200105,Absent fifth toenail,0.7802336900383903,0.800496542263093
747,HP:0031065,Abnormal ovarian morphology,HP:0025568,Abnormal morphology of the choroidal vasculature,0.7802336900383903,0.8004752270000031
748,HP:0025568,Abnormal morphology of the choroidal vasculature,HP:0031065,Abnormal ovarian morphology,0.7802336900383903,0.8004752270000031
749,HP:0012373,Abnormal eye physiology,HP:0031704,Abnormal ear physiology,0.7802336900383903,0.8004103911831939
750,HP:0031704,Abnormal ear physiology,HP:0012373,Abnormal eye physiology,0.7802336900383903,0.8004103911831939
751,HP:0200085,Limb tremor,HP:0006895,Lower limb hypertonia,0.7802336900383903,0.8003474040519203
752,HP:0006895,Lower limb hypertonia,HP:0200085,Limb tremor,0.7802336900383903,0.8003474040519203
753,HP:0011782,Thyroid crisis,HP:0100735,Hypertensive crisis,0.7802336900383903,0.8003025619077195
754,HP:0100735,Hypertensive crisis,HP:0011782,Thyroid crisis,0.7802336900383903,0.8003025619077195
755,HP:0001000,Abnormality of skin pigmentation,HP:0008034,Abnormal iris pigmentation,0.7802336900383903,0.800295605663595
756,HP:0008034,Abnormal iris pigmentation,HP:0001000,Abnormality of skin pigmentation,0.7802336900383903,0.800295605663595
757,HP:0100691,Abnormality of the curvature of the cornea,HP:0040051,Abnormality of upper eyelashes,0.7802336900383903,0.8002457237361723
758,HP:0040051,Abnormality of upper eyelashes,HP:0100691,Abnormality of the curvature of the cornea,0.7802336900383903,0.8002457237361723
759,HP:0006254,Elevated circulating alpha-fetoprotein concentration,HP:0011432,Elevated maternal circulating alpha-fetoprotein concentration,0.7303410244568754,0.8002259999374065
760,HP:0011432,Elevated maternal circulating alpha-fetoprotein concentration,HP:0006254,Elevated circulating alpha-fetoprotein concentration,0.7303410244568754,0.8002259999374065
761,HP:0004321,Bladder fistula,HP:0100819,Intestinal fistula,0.7802336900383903,0.8002047454274509
762,HP:0100819,Intestinal fistula,HP:0004321,Bladder fistula,0.7802336900383903,0.8002047454274509
763,HP:0008393,Congenital curved nail of fourth toe,HP:0010371,Aplasia/Hypoplasia of the phalanges of the 4th toe,0.7802336900383903,0.8001764854204617
764,HP:0010371,Aplasia/Hypoplasia of the phalanges of the 4th toe,HP:0008393,Congenital curved nail of fourth toe,0.7802336900383903,0.8001764854204617
765,HP:0025677,Fetal chylothorax,HP:0010310,Chylothorax,0.7802336900383903,0.8001620789829527
766,HP:0010310,Chylothorax,HP:0025677,Fetal chylothorax,0.7802336900383903,0.8001620789829527
767,HP:0007703,Abnormality of retinal pigmentation,HP:0007617,"Fine, reticulate skin pigmentation",0.7802336900383903,0.8000746509048732
768,HP:0007617,"Fine, reticulate skin pigmentation",HP:0007703,Abnormality of retinal pigmentation,0.7802336900383903,0.8000746509048732
769,HP:0031066,Abnormal ovarian physiology,HP:0031094,Abnormal breast physiology,0.7802336900383903,0.8000208650790089
770,HP:0031094,Abnormal breast physiology,HP:0031066,Abnormal ovarian physiology,0.7802336900383903,0.8000208650790089
